Número de Extracto,Fecha Contable,Estado,Referencia,Fecha Efectiva,Descripción,Tipo,Monto,Banco,Cuenta Bancaria,Cuenta Contable,Sub-cuenta,Código de Transacción,Divisa
P-8 2026 10 al 10 30,2026-04-30,UNRECONCILED,D59900001,2026-03-10,LIQ TARJETA DEBITO MAESTRO BDV-LIQ TARJETA DEBITO MAESTRO BDV,CREDIT,48343.64,VENEZUELA MERCHANT,01020684710000014766,110108,0006,CD-0017425,VES
P-8 2026 10 al 10 30,2026-04-30,UNRECONCILED,C10000181,2026-03-10,LIQUIDACION T CREDITO VS MC BD-LIQUIDACION T CREDITO VS MC BD,CREDIT,4864.2,VENEZUELA MERCHANT,01020684710000014766,110108,0006,CD-0017430,VES
P-8 2026 10 al 10 30,2026-04-30,UNRECONCILED,D10800724,2026-03-10,LIQ TARJETA DEBITO MAESTRO BDV-LIQ TARJETA DEBITO MAESTRO BDV,CREDIT,19386.22,VENEZUELA MERCHANT,01020684710000014766,110108,0006,CD-0017425,VES
P-8 2026 10 al 10 30,2026-04-30,UNRECONCILED,D10800106,2026-03-10,LIQ TARJETA DEBITO MAESTRO BDV-LIQ TARJETA DEBITO MAESTRO BDV,CREDIT,6797.41,VENEZUELA MERCHANT,01020684710000014766,110108,0006,CD-0017425,VES
P-8 2026 10 al 10 30,2026-04-30,UNRECONCILED,D10800635,2026-03-10,LIQ TARJETA DEBITO MAESTRO BDV-LIQ TARJETA DEBITO MAESTRO BDV,CREDIT,12771.38,VENEZUELA MERCHANT,01020684710000014766,110108,0006,CD-0017425,VES
P-8 2026 10 al 10 30,2026-04-30,UNRECONCILED,D11500006,2026-03-10,LIQ TARJETA DEBITO MAESTRO BDV-LIQ TARJETA DEBITO MAESTRO BDV,CREDIT,2753.12,VENEZUELA MERCHANT,01020684710000014766,110108,0006,CD-0017425,VES
P-8 2026 10 al 10 30,2026-04-30,UNRECONCILED,D11500441,2026-03-10,LIQ TARJETA DEBITO MAESTRO BDV-LIQ TARJETA DEBITO MAESTRO BDV,CREDIT,2499.33,VENEZUELA MERCHANT,01020684710000014766,110108,0006,CD-0017425,VES
P-8 2026 10 al 10 30,2026-04-30,UNRECONCILED,D11600531,2026-03-10,LIQ TARJETA DEBITO MAESTRO BDV-LIQ TARJETA DEBITO MAESTRO BDV,CREDIT,14595.91,VENEZUELA MERCHANT,01020684710000014766,110108,0006,CD-0017425,VES
P-8 2026 10 al 10 30,2026-04-30,UNRECONCILED,D12900423,2026-03-10,LIQ TARJETA DEBITO MAESTRO BDV-LIQ TARJETA DEBITO MAESTRO BDV,CREDIT,9977.35,VENEZUELA MERCHANT,01020684710000014766,110108,0006,CD-0017425,VES
P-8 2026 10 al 10 30,2026-04-30,UNRECONCILED,D12900422,2026-03-10,LIQ TARJETA DEBITO MAESTRO BDV-LIQ TARJETA DEBITO MAESTRO BDV,CREDIT,81630.23,VENEZUELA MERCHANT,01020684710000014766,110108,0006,CD-0017425,VES
P-8 2026 10 al 10 30,2026-04-30,UNRECONCILED,D13200731,2026-03-10,LIQ TARJETA DEBITO MAESTRO BDV-LIQ TARJETA DEBITO MAESTRO BDV,CREDIT,179082.38,VENEZUELA MERCHANT,01020684710000014766,110108,0006,CD-0017425,VES
P-8 2026 10 al 10 30,2026-04-30,UNRECONCILED,D13400474,2026-03-10,LIQ TARJETA DEBITO MAESTRO BDV-LIQ TARJETA DEBITO MAESTRO BDV,CREDIT,78375.27,VENEZUELA MERCHANT,01020684710000014766,110108,0006,CD-0017425,VES
P-8 2026 10 al 10 30,2026-04-30,UNRECONCILED,D13400378,2026-03-10,LIQ TARJETA DEBITO MAESTRO BDV-LIQ TARJETA DEBITO MAESTRO BDV,CREDIT,26314.11,VENEZUELA MERCHANT,01020684710000014766,110108,0006,CD-0017425,VES
P-8 2026 10 al 10 30,2026-04-30,UNRECONCILED,D13400890,2026-03-10,LIQ TARJETA DEBITO MAESTRO BDV-LIQ TARJETA DEBITO MAESTRO BDV,CREDIT,8728.5,VENEZUELA MERCHANT,01020684710000014766,110108,0006,CD-0017425,VES
P-8 2026 10 al 10 30,2026-04-30,UNRECONCILED,D13500935,2026-03-10,LIQ TARJETA DEBITO MAESTRO BDV-LIQ TARJETA DEBITO MAESTRO BDV,CREDIT,21496.28,VENEZUELA MERCHANT,01020684710000014766,110108,0006,CD-0017425,VES
P-8 2026 10 al 10 30,2026-04-30,UNRECONCILED,D13500710,2026-03-10,LIQ TARJETA DEBITO MAESTRO BDV-LIQ TARJETA DEBITO MAESTRO BDV,CREDIT,5799.25,VENEZUELA MERCHANT,01020684710000014766,110108,0006,CD-0017425,VES
P-8 2026 10 al 10 30,2026-04-30,UNRECONCILED,D13600660,2026-03-10,LIQ TARJETA DEBITO MAESTRO BDV-LIQ TARJETA DEBITO MAESTRO BDV,CREDIT,21233.28,VENEZUELA MERCHANT,01020684710000014766,110108,0006,CD-0017425,VES
P-8 2026 10 al 10 30,2026-04-30,UNRECONCILED,D13700863,2026-03-10,LIQ TARJETA DEBITO MAESTRO BDV-LIQ TARJETA DEBITO MAESTRO BDV,CREDIT,106610.36,VENEZUELA MERCHANT,01020684710000014766,110108,0006,CD-0017425,VES
P-8 2026 10 al 10 30,2026-04-30,UNRECONCILED,D13700208,2026-03-10,LIQ TARJETA DEBITO MAESTRO BDV-LIQ TARJETA DEBITO MAESTRO BDV,CREDIT,28317.08,VENEZUELA MERCHANT,01020684710000014766,110108,0006,CD-0017425,VES
P-8 2026 10 al 10 30,2026-04-30,UNRECONCILED,C13700008,2026-03-10,LIQ TARJETA DEBITO ELECTRON BD-LIQ TARJETA DEBITO ELECTRON BD,CREDIT,298.74,VENEZUELA MERCHANT,01020684710000014766,110108,0006,CD-0017426,VES
P-8 2026 10 al 10 30,2026-04-30,UNRECONCILED,C13700008,2026-03-10,LIQUIDACION T CREDITO VS MC BD-LIQUIDACION T CREDITO VS MC BD,CREDIT,24219.49,VENEZUELA MERCHANT,01020684710000014766,110108,0006,CD-0017430,VES
P-8 2026 10 al 10 30,2026-04-30,UNRECONCILED,D13900291,2026-03-10,LIQ TARJETA DEBITO MAESTRO BDV-LIQ TARJETA DEBITO MAESTRO BDV,CREDIT,29165.54,VENEZUELA MERCHANT,01020684710000014766,110108,0006,CD-0017425,VES
P-8 2026 10 al 10 30,2026-04-30,UNRECONCILED,D14200216,2026-03-10,LIQ TARJETA DEBITO MAESTRO BDV-LIQ TARJETA DEBITO MAESTRO BDV,CREDIT,12467.34,VENEZUELA MERCHANT,01020684710000014766,110108,0006,CD-0017425,VES
P-8 2026 10 al 10 30,2026-04-30,UNRECONCILED,D14200628,2026-03-10,LIQ TARJETA DEBITO MAESTRO BDV-LIQ TARJETA DEBITO MAESTRO BDV,CREDIT,15906.89,VENEZUELA MERCHANT,01020684710000014766,110108,0006,CD-0017425,VES
P-8 2026 10 al 10 30,2026-04-30,UNRECONCILED,D14500930,2026-03-10,LIQ TARJETA DEBITO MAESTRO BDV-LIQ TARJETA DEBITO MAESTRO BDV,CREDIT,12662.23,VENEZUELA MERCHANT,01020684710000014766,110108,0006,CD-0017425,VES
P-8 2026 10 al 10 30,2026-04-30,UNRECONCILED,D15300259,2026-03-10,LIQ TARJETA DEBITO MAESTRO BDV-LIQ TARJETA DEBITO MAESTRO BDV,CREDIT,19671.68,VENEZUELA MERCHANT,01020684710000014766,110108,0006,CD-0017425,VES
P-8 2026 10 al 10 30,2026-04-30,UNRECONCILED,D15300762,2026-03-10,LIQ TARJETA DEBITO MAESTRO BDV-LIQ TARJETA DEBITO MAESTRO BDV,CREDIT,34972.9,VENEZUELA MERCHANT,01020684710000014766,110108,0006,CD-0017425,VES
P-8 2026 10 al 10 30,2026-04-30,UNRECONCILED,M156009,2026-03-10,LIQ MONEDERO PATRIA-LIQ MONEDERO PATRIA,CREDIT,8648.08,VENEZUELA MERCHANT,01020684710000014766,110108,0006,CD-0003677,VES
P-8 2026 10 al 10 30,2026-04-30,UNRECONCILED,D15800321,2026-03-10,LIQ TARJETA DEBITO MAESTRO BDV-LIQ TARJETA DEBITO MAESTRO BDV,CREDIT,5200.21,VENEZUELA MERCHANT,01020684710000014766,110108,0006,CD-0017425,VES
P-8 2026 10 al 10 30,2026-04-30,UNRECONCILED,D15800918,2026-03-10,LIQ TARJETA DEBITO MAESTRO BDV-LIQ TARJETA DEBITO MAESTRO BDV,CREDIT,21628.72,VENEZUELA MERCHANT,01020684710000014766,110108,0006,CD-0017425,VES
P-8 2026 10 al 10 30,2026-04-30,UNRECONCILED,D15800406,2026-03-10,LIQ TARJETA DEBITO MAESTRO BDV-LIQ TARJETA DEBITO MAESTRO BDV,CREDIT,21094.35,VENEZUELA MERCHANT,01020684710000014766,110108,0006,CD-0017425,VES
P-8 2026 10 al 10 30,2026-04-30,UNRECONCILED,D16100979,2026-03-10,LIQ TARJETA DEBITO MAESTRO BDV-LIQ TARJETA DEBITO MAESTRO BDV,CREDIT,4403.9,VENEZUELA MERCHANT,01020684710000014766,110108,0006,CD-0017425,VES
P-8 2026 10 al 10 30,2026-04-30,UNRECONCILED,C16100151,2026-03-10,LIQUIDACION T CREDITO VS MC BD-LIQUIDACION T CREDITO VS MC BD,CREDIT,4520.98,VENEZUELA MERCHANT,01020684710000014766,110108,0006,CD-0017430,VES
P-8 2026 10 al 10 30,2026-04-30,UNRECONCILED,D16400129,2026-03-10,LIQ TARJETA DEBITO MAESTRO BDV-LIQ TARJETA DEBITO MAESTRO BDV,CREDIT,32331.87,VENEZUELA MERCHANT,01020684710000014766,110108,0006,CD-0017425,VES
P-8 2026 10 al 10 30,2026-04-30,UNRECONCILED,D16400113,2026-03-10,LIQ TARJETA DEBITO MAESTRO BDV-LIQ TARJETA DEBITO MAESTRO BDV,CREDIT,46707.76,VENEZUELA MERCHANT,01020684710000014766,110108,0006,CD-0017425,VES
P-8 2026 10 al 10 30,2026-04-30,UNRECONCILED,D16500056,2026-03-10,LIQ TARJETA DEBITO MAESTRO BDV-LIQ TARJETA DEBITO MAESTRO BDV,CREDIT,43896.79,VENEZUELA MERCHANT,01020684710000014766,110108,0006,CD-0017425,VES
P-8 2026 10 al 10 30,2026-04-30,UNRECONCILED,D18700901,2026-03-10,LIQ TARJETA DEBITO MAESTRO BDV-LIQ TARJETA DEBITO MAESTRO BDV,CREDIT,7369.08,VENEZUELA MERCHANT,01020684710000014766,110108,0006,CD-0017425,VES
P-8 2026 10 al 10 30,2026-04-30,UNRECONCILED,D18900764,2026-03-10,LIQ TARJETA DEBITO MAESTRO BDV-LIQ TARJETA DEBITO MAESTRO BDV,CREDIT,25586.41,VENEZUELA MERCHANT,01020684710000014766,110108,0006,CD-0017425,VES
P-8 2026 10 al 10 30,2026-04-30,UNRECONCILED,D18900765,2026-03-10,LIQ TARJETA DEBITO MAESTRO BDV-LIQ TARJETA DEBITO MAESTRO BDV,CREDIT,131229.12,VENEZUELA MERCHANT,01020684710000014766,110108,0006,CD-0017425,VES
P-8 2026 10 al 10 30,2026-04-30,UNRECONCILED,D18900764,2026-03-10,LIQ TARJETA DEBITO MAESTRO BDV-LIQ TARJETA DEBITO MAESTRO BDV,CREDIT,1522.17,VENEZUELA MERCHANT,01020684710000014766,110108,0006,CD-0017425,VES
P-8 2026 10 al 10 30,2026-04-30,UNRECONCILED,D18900765,2026-03-10,LIQ TARJETA DEBITO MAESTRO BDV-LIQ TARJETA DEBITO MAESTRO BDV,CREDIT,143823.45,VENEZUELA MERCHANT,01020684710000014766,110108,0006,CD-0017425,VES
P-8 2026 10 al 10 30,2026-04-30,UNRECONCILED,D18900009,2026-03-10,LIQ TARJETA DEBITO MAESTRO BDV-LIQ TARJETA DEBITO MAESTRO BDV,CREDIT,15204.89,VENEZUELA MERCHANT,01020684710000014766,110108,0006,CD-0017425,VES
P-8 2026 10 al 10 30,2026-04-30,UNRECONCILED,D18900728,2026-03-10,LIQ TARJETA DEBITO MAESTRO BDV-LIQ TARJETA DEBITO MAESTRO BDV,CREDIT,30137.3,VENEZUELA MERCHANT,01020684710000014766,110108,0006,CD-0017425,VES
P-8 2026 10 al 10 30,2026-04-30,UNRECONCILED,D19100247,2026-03-10,LIQ TARJETA DEBITO MAESTRO BDV-LIQ TARJETA DEBITO MAESTRO BDV,CREDIT,3479.53,VENEZUELA MERCHANT,01020684710000014766,110108,0006,CD-0017425,VES
P-8 2026 10 al 10 30,2026-04-30,UNRECONCILED,D19200225,2026-03-10,LIQ TARJETA DEBITO MAESTRO BDV-LIQ TARJETA DEBITO MAESTRO BDV,CREDIT,23488.33,VENEZUELA MERCHANT,01020684710000014766,110108,0006,CD-0017425,VES
P-8 2026 10 al 10 30,2026-04-30,UNRECONCILED,D19200334,2026-03-10,LIQ TARJETA DEBITO MAESTRO BDV-LIQ TARJETA DEBITO MAESTRO BDV,CREDIT,12567.55,VENEZUELA MERCHANT,01020684710000014766,110108,0006,CD-0017425,VES
P-8 2026 10 al 10 30,2026-04-30,UNRECONCILED,D19400041,2026-03-10,LIQ TARJETA DEBITO MAESTRO BDV-LIQ TARJETA DEBITO MAESTRO BDV,CREDIT,9421.65,VENEZUELA MERCHANT,01020684710000014766,110108,0006,CD-0017425,VES
P-8 2026 10 al 10 30,2026-04-30,UNRECONCILED,D19400042,2026-03-10,LIQ TARJETA DEBITO MAESTRO BDV-LIQ TARJETA DEBITO MAESTRO BDV,CREDIT,66991.32,VENEZUELA MERCHANT,01020684710000014766,110108,0006,CD-0017425,VES
P-8 2026 10 al 10 30,2026-04-30,UNRECONCILED,D19400794,2026-03-10,LIQ TARJETA DEBITO MAESTRO BDV-LIQ TARJETA DEBITO MAESTRO BDV,CREDIT,3930.13,VENEZUELA MERCHANT,01020684710000014766,110108,0006,CD-0017425,VES
P-8 2026 10 al 10 30,2026-04-30,UNRECONCILED,D19400053,2026-03-10,LIQ TARJETA DEBITO MAESTRO BDV-LIQ TARJETA DEBITO MAESTRO BDV,CREDIT,27026.51,VENEZUELA MERCHANT,01020684710000014766,110108,0006,CD-0017425,VES
P-8 2026 10 al 10 30,2026-04-30,UNRECONCILED,D19400720,2026-03-10,LIQ TARJETA DEBITO MAESTRO BDV-LIQ TARJETA DEBITO MAESTRO BDV,CREDIT,1547.96,VENEZUELA MERCHANT,01020684710000014766,110108,0006,CD-0017425,VES
P-8 2026 10 al 10 30,2026-04-30,UNRECONCILED,D19900149,2026-03-10,LIQ TARJETA DEBITO MAESTRO BDV-LIQ TARJETA DEBITO MAESTRO BDV,CREDIT,17633.3,VENEZUELA MERCHANT,01020684710000014766,110108,0006,CD-0017425,VES
P-8 2026 10 al 10 30,2026-04-30,UNRECONCILED,D19900893,2026-03-10,LIQ TARJETA DEBITO MAESTRO BDV-LIQ TARJETA DEBITO MAESTRO BDV,CREDIT,15982.55,VENEZUELA MERCHANT,01020684710000014766,110108,0006,CD-0017425,VES
P-8 2026 10 al 10 30,2026-04-30,UNRECONCILED,D19900502,2026-03-10,LIQ TARJETA DEBITO MAESTRO BDV-LIQ TARJETA DEBITO MAESTRO BDV,CREDIT,22237.65,VENEZUELA MERCHANT,01020684710000014766,110108,0006,CD-0017425,VES
P-8 2026 10 al 10 30,2026-04-30,UNRECONCILED,D20400813,2026-03-10,LIQ TARJETA DEBITO MAESTRO BDV-LIQ TARJETA DEBITO MAESTRO BDV,CREDIT,61493.91,VENEZUELA MERCHANT,01020684710000014766,110108,0006,CD-0017425,VES
P-8 2026 10 al 10 30,2026-04-30,UNRECONCILED,D20500189,2026-03-10,LIQ TARJETA DEBITO MAESTRO BDV-LIQ TARJETA DEBITO MAESTRO BDV,CREDIT,18233.37,VENEZUELA MERCHANT,01020684710000014766,110108,0006,CD-0017425,VES
P-8 2026 10 al 10 30,2026-04-30,UNRECONCILED,D20500537,2026-03-10,LIQ TARJETA DEBITO MAESTRO BDV-LIQ TARJETA DEBITO MAESTRO BDV,CREDIT,20278.37,VENEZUELA MERCHANT,01020684710000014766,110108,0006,CD-0017425,VES
P-8 2026 10 al 10 30,2026-04-30,UNRECONCILED,D21000317,2026-03-10,LIQ TARJETA DEBITO MAESTRO BDV-LIQ TARJETA DEBITO MAESTRO BDV,CREDIT,5573.73,VENEZUELA MERCHANT,01020684710000014766,110108,0006,CD-0017425,VES
P-8 2026 10 al 10 30,2026-04-30,UNRECONCILED,D21000421,2026-03-10,LIQ TARJETA DEBITO MAESTRO BDV-LIQ TARJETA DEBITO MAESTRO BDV,CREDIT,5382.26,VENEZUELA MERCHANT,01020684710000014766,110108,0006,CD-0017425,VES
P-8 2026 10 al 10 30,2026-04-30,UNRECONCILED,D21000434,2026-03-10,LIQ TARJETA DEBITO MAESTRO BDV-LIQ TARJETA DEBITO MAESTRO BDV,CREDIT,13625.7,VENEZUELA MERCHANT,01020684710000014766,110108,0006,CD-0017425,VES
P-8 2026 10 al 10 30,2026-04-30,UNRECONCILED,D26700222,2026-03-10,LIQ TARJETA DEBITO MAESTRO BDV-LIQ TARJETA DEBITO MAESTRO BDV,CREDIT,9612.81,VENEZUELA MERCHANT,01020684710000014766,110108,0006,CD-0017425,VES
P-8 2026 10 al 10 30,2026-04-30,UNRECONCILED,D26700222,2026-03-10,LIQ TARJETA DEBITO MAESTRO BDV-LIQ TARJETA DEBITO MAESTRO BDV,CREDIT,58971.97,VENEZUELA MERCHANT,01020684710000014766,110108,0006,CD-0017425,VES
P-8 2026 10 al 10 30,2026-04-30,UNRECONCILED,D26900286,2026-03-10,LIQ TARJETA DEBITO MAESTRO BDV-LIQ TARJETA DEBITO MAESTRO BDV,CREDIT,529.66,VENEZUELA MERCHANT,01020684710000014766,110108,0006,CD-0017425,VES
P-8 2026 10 al 10 30,2026-04-30,UNRECONCILED,D26900840,2026-03-10,LIQ TARJETA DEBITO MAESTRO BDV-LIQ TARJETA DEBITO MAESTRO BDV,CREDIT,9461.46,VENEZUELA MERCHANT,01020684710000014766,110108,0006,CD-0017425,VES
P-8 2026 10 al 10 30,2026-04-30,UNRECONCILED,D27000634,2026-03-10,LIQ TARJETA DEBITO MAESTRO BDV-LIQ TARJETA DEBITO MAESTRO BDV,CREDIT,35296.2,VENEZUELA MERCHANT,01020684710000014766,110108,0006,CD-0017425,VES
P-8 2026 10 al 10 30,2026-04-30,UNRECONCILED,D27100245,2026-03-10,LIQ TARJETA DEBITO MAESTRO BDV-LIQ TARJETA DEBITO MAESTRO BDV,CREDIT,111724.83,VENEZUELA MERCHANT,01020684710000014766,110108,0006,CD-0017425,VES
P-8 2026 10 al 10 30,2026-04-30,UNRECONCILED,D27100114,2026-03-10,LIQ TARJETA DEBITO MAESTRO BDV-LIQ TARJETA DEBITO MAESTRO BDV,CREDIT,1442.86,VENEZUELA MERCHANT,01020684710000014766,110108,0006,CD-0017425,VES
P-8 2026 10 al 10 30,2026-04-30,UNRECONCILED,D27500642,2026-03-10,LIQ TARJETA DEBITO MAESTRO BDV-LIQ TARJETA DEBITO MAESTRO BDV,CREDIT,3034.82,VENEZUELA MERCHANT,01020684710000014766,110108,0006,CD-0017425,VES
P-8 2026 10 al 10 30,2026-04-30,UNRECONCILED,D27500184,2026-03-10,LIQ TARJETA DEBITO MAESTRO BDV-LIQ TARJETA DEBITO MAESTRO BDV,CREDIT,3204.16,VENEZUELA MERCHANT,01020684710000014766,110108,0006,CD-0017425,VES
P-8 2026 10 al 10 30,2026-04-30,UNRECONCILED,D27500697,2026-03-10,LIQ TARJETA DEBITO MAESTRO BDV-LIQ TARJETA DEBITO MAESTRO BDV,CREDIT,12829.84,VENEZUELA MERCHANT,01020684710000014766,110108,0006,CD-0017425,VES
P-8 2026 10 al 10 30,2026-04-30,UNRECONCILED,D27600556,2026-03-10,LIQ TARJETA DEBITO MAESTRO BDV-LIQ TARJETA DEBITO MAESTRO BDV,CREDIT,7308.57,VENEZUELA MERCHANT,01020684710000014766,110108,0006,CD-0017425,VES
P-8 2026 10 al 10 30,2026-04-30,UNRECONCILED,D27900755,2026-03-10,LIQ TARJETA DEBITO MAESTRO BDV-LIQ TARJETA DEBITO MAESTRO BDV,CREDIT,15900.81,VENEZUELA MERCHANT,01020684710000014766,110108,0006,CD-0017425,VES
P-8 2026 10 al 10 30,2026-04-30,UNRECONCILED,D27900024,2026-03-10,LIQ TARJETA DEBITO MAESTRO BDV-LIQ TARJETA DEBITO MAESTRO BDV,CREDIT,37894.66,VENEZUELA MERCHANT,01020684710000014766,110108,0006,CD-0017425,VES
P-8 2026 10 al 10 30,2026-04-30,UNRECONCILED,D27900438,2026-03-10,LIQ TARJETA DEBITO MAESTRO BDV-LIQ TARJETA DEBITO MAESTRO BDV,CREDIT,86466.12,VENEZUELA MERCHANT,01020684710000014766,110108,0006,CD-0017425,VES
P-8 2026 10 al 10 30,2026-04-30,UNRECONCILED,D28600741,2026-03-10,LIQ TARJETA DEBITO MAESTRO BDV-LIQ TARJETA DEBITO MAESTRO BDV,CREDIT,8395.03,VENEZUELA MERCHANT,01020684710000014766,110108,0006,CD-0017425,VES
P-8 2026 10 al 10 30,2026-04-30,UNRECONCILED,D28700417,2026-03-10,LIQ TARJETA DEBITO MAESTRO BDV-LIQ TARJETA DEBITO MAESTRO BDV,CREDIT,31150.43,VENEZUELA MERCHANT,01020684710000014766,110108,0006,CD-0017425,VES
P-8 2026 10 al 10 30,2026-04-30,UNRECONCILED,D28700406,2026-03-10,LIQ TARJETA DEBITO MAESTRO BDV-LIQ TARJETA DEBITO MAESTRO BDV,CREDIT,12105.43,VENEZUELA MERCHANT,01020684710000014766,110108,0006,CD-0017425,VES
P-8 2026 10 al 10 30,2026-04-30,UNRECONCILED,D28700089,2026-03-10,LIQ TARJETA DEBITO MAESTRO BDV-LIQ TARJETA DEBITO MAESTRO BDV,CREDIT,29222.12,VENEZUELA MERCHANT,01020684710000014766,110108,0006,CD-0017425,VES
P-8 2026 10 al 10 30,2026-04-30,UNRECONCILED,D28700107,2026-03-10,LIQ TARJETA DEBITO MAESTRO BDV-LIQ TARJETA DEBITO MAESTRO BDV,CREDIT,6228.15,VENEZUELA MERCHANT,01020684710000014766,110108,0006,CD-0017425,VES
P-8 2026 10 al 10 30,2026-04-30,UNRECONCILED,D29700418,2026-03-10,LIQ TARJETA DEBITO MAESTRO BDV-LIQ TARJETA DEBITO MAESTRO BDV,CREDIT,32630.17,VENEZUELA MERCHANT,01020684710000014766,110108,0006,CD-0017425,VES
P-8 2026 10 al 10 30,2026-04-30,UNRECONCILED,D29700419,2026-03-10,LIQ TARJETA DEBITO MAESTRO BDV-LIQ TARJETA DEBITO MAESTRO BDV,CREDIT,106155.28,VENEZUELA MERCHANT,01020684710000014766,110108,0006,CD-0017425,VES
P-8 2026 10 al 10 30,2026-04-30,UNRECONCILED,D29800397,2026-03-10,LIQ TARJETA DEBITO MAESTRO BDV-LIQ TARJETA DEBITO MAESTRO BDV,CREDIT,34633.76,VENEZUELA MERCHANT,01020684710000014766,110108,0006,CD-0017425,VES
P-8 2026 10 al 10 30,2026-04-30,UNRECONCILED,D29800401,2026-03-10,LIQ TARJETA DEBITO MAESTRO BDV-LIQ TARJETA DEBITO MAESTRO BDV,CREDIT,13143.21,VENEZUELA MERCHANT,01020684710000014766,110108,0006,CD-0017425,VES
P-8 2026 10 al 10 30,2026-04-30,UNRECONCILED,D29800393,2026-03-10,LIQ TARJETA DEBITO MAESTRO BDV-LIQ TARJETA DEBITO MAESTRO BDV,CREDIT,38119.75,VENEZUELA MERCHANT,01020684710000014766,110108,0006,CD-0017425,VES
P-8 2026 10 al 10 30,2026-04-30,UNRECONCILED,D30300353,2026-03-10,LIQ TARJETA DEBITO MAESTRO BDV-LIQ TARJETA DEBITO MAESTRO BDV,CREDIT,23299.18,VENEZUELA MERCHANT,01020684710000014766,110108,0006,CD-0017425,VES
P-8 2026 10 al 10 30,2026-04-30,UNRECONCILED,D30300128,2026-03-10,LIQ TARJETA DEBITO MAESTRO BDV-LIQ TARJETA DEBITO MAESTRO BDV,CREDIT,22203.25,VENEZUELA MERCHANT,01020684710000014766,110108,0006,CD-0017425,VES
P-8 2026 10 al 10 30,2026-04-30,UNRECONCILED,D30300818,2026-03-10,LIQ TARJETA DEBITO MAESTRO BDV-LIQ TARJETA DEBITO MAESTRO BDV,CREDIT,18731.64,VENEZUELA MERCHANT,01020684710000014766,110108,0006,CD-0017425,VES
P-8 2026 10 al 10 30,2026-04-30,UNRECONCILED,D30400509,2026-03-10,LIQ TARJETA DEBITO MAESTRO BDV-LIQ TARJETA DEBITO MAESTRO BDV,CREDIT,41839.98,VENEZUELA MERCHANT,01020684710000014766,110108,0006,CD-0017425,VES
P-8 2026 10 al 10 30,2026-04-30,UNRECONCILED,D30400508,2026-03-10,LIQ TARJETA DEBITO MAESTRO BDV-LIQ TARJETA DEBITO MAESTRO BDV,CREDIT,269704.31,VENEZUELA MERCHANT,01020684710000014766,110108,0006,CD-0017425,VES
P-8 2026 10 al 10 30,2026-04-30,UNRECONCILED,D30700033,2026-03-10,LIQ TARJETA DEBITO MAESTRO BDV-LIQ TARJETA DEBITO MAESTRO BDV,CREDIT,3666.92,VENEZUELA MERCHANT,01020684710000014766,110108,0006,CD-0017425,VES
P-8 2026 10 al 10 30,2026-04-30,UNRECONCILED,D30700033,2026-03-10,LIQ TARJETA DEBITO MAESTRO BDV-LIQ TARJETA DEBITO MAESTRO BDV,CREDIT,21228.56,VENEZUELA MERCHANT,01020684710000014766,110108,0006,CD-0017425,VES
P-8 2026 10 al 10 30,2026-04-30,UNRECONCILED,D30700040,2026-03-10,LIQ TARJETA DEBITO MAESTRO BDV-LIQ TARJETA DEBITO MAESTRO BDV,CREDIT,22325.73,VENEZUELA MERCHANT,01020684710000014766,110108,0006,CD-0017425,VES
P-8 2026 10 al 10 30,2026-04-30,UNRECONCILED,D30700028,2026-03-10,LIQ TARJETA DEBITO MAESTRO BDV-LIQ TARJETA DEBITO MAESTRO BDV,CREDIT,7570.23,VENEZUELA MERCHANT,01020684710000014766,110108,0006,CD-0017425,VES
P-8 2026 10 al 10 30,2026-04-30,UNRECONCILED,D30700033,2026-03-10,LIQ TARJETA DEBITO MAESTRO BDV-LIQ TARJETA DEBITO MAESTRO BDV,CREDIT,25473.13,VENEZUELA MERCHANT,01020684710000014766,110108,0006,CD-0017425,VES
P-8 2026 10 al 10 30,2026-04-30,UNRECONCILED,D30700029,2026-03-10,LIQ TARJETA DEBITO MAESTRO BDV-LIQ TARJETA DEBITO MAESTRO BDV,CREDIT,72790.5,VENEZUELA MERCHANT,01020684710000014766,110108,0006,CD-0017425,VES
P-8 2026 10 al 10 30,2026-04-30,UNRECONCILED,D30700033,2026-03-10,LIQ TARJETA DEBITO MAESTRO BDV-LIQ TARJETA DEBITO MAESTRO BDV,CREDIT,205257.02,VENEZUELA MERCHANT,01020684710000014766,110108,0006,CD-0017425,VES
P-8 2026 10 al 10 30,2026-04-30,UNRECONCILED,D30700033,2026-03-10,LIQ TARJETA DEBITO MAESTRO BDV-LIQ TARJETA DEBITO MAESTRO BDV,CREDIT,96858.02,VENEZUELA MERCHANT,01020684710000014766,110108,0006,CD-0017425,VES
P-8 2026 10 al 10 30,2026-04-30,UNRECONCILED,D31300171,2026-03-10,LIQ TARJETA DEBITO MAESTRO BDV-LIQ TARJETA DEBITO MAESTRO BDV,CREDIT,17185.13,VENEZUELA MERCHANT,01020684710000014766,110108,0006,CD-0017425,VES
P-8 2026 10 al 10 30,2026-04-30,UNRECONCILED,D31300934,2026-03-10,LIQ TARJETA DEBITO MAESTRO BDV-LIQ TARJETA DEBITO MAESTRO BDV,CREDIT,38271.04,VENEZUELA MERCHANT,01020684710000014766,110108,0006,CD-0017425,VES
P-8 2026 10 al 10 30,2026-04-30,UNRECONCILED,D31300227,2026-03-10,LIQ TARJETA DEBITO MAESTRO BDV-LIQ TARJETA DEBITO MAESTRO BDV,CREDIT,18045.46,VENEZUELA MERCHANT,01020684710000014766,110108,0006,CD-0017425,VES
P-8 2026 10 al 10 30,2026-04-30,UNRECONCILED,D32300240,2026-03-10,LIQ TARJETA DEBITO MAESTRO BDV-LIQ TARJETA DEBITO MAESTRO BDV,CREDIT,4119.41,VENEZUELA MERCHANT,01020684710000014766,110108,0006,CD-0017425,VES
P-8 2026 10 al 10 30,2026-04-30,UNRECONCILED,D40000471,2026-03-10,LIQ TARJETA DEBITO MAESTRO BDV-LIQ TARJETA DEBITO MAESTRO BDV,CREDIT,5284.48,VENEZUELA MERCHANT,01020684710000014766,110108,0006,CD-0017425,VES
P-8 2026 10 al 10 30,2026-04-30,UNRECONCILED,D40100674,2026-03-10,LIQ TARJETA DEBITO MAESTRO BDV-LIQ TARJETA DEBITO MAESTRO BDV,CREDIT,15250.54,VENEZUELA MERCHANT,01020684710000014766,110108,0006,CD-0017425,VES
P-8 2026 10 al 10 30,2026-04-30,UNRECONCILED,D41600127,2026-03-10,LIQ TARJETA DEBITO MAESTRO BDV-LIQ TARJETA DEBITO MAESTRO BDV,CREDIT,17853.1,VENEZUELA MERCHANT,01020684710000014766,110108,0006,CD-0017425,VES
P-8 2026 10 al 10 30,2026-04-30,UNRECONCILED,C41600127,2026-03-10,LIQUIDACION T CREDITO VS MC BD-LIQUIDACION T CREDITO VS MC BD,CREDIT,15671.12,VENEZUELA MERCHANT,01020684710000014766,110108,0006,CD-0017430,VES
P-8 2026 10 al 10 30,2026-04-30,UNRECONCILED,D42000876,2026-03-10,LIQ TARJETA DEBITO MAESTRO BDV-LIQ TARJETA DEBITO MAESTRO BDV,CREDIT,4290.54,VENEZUELA MERCHANT,01020684710000014766,110108,0006,CD-0017425,VES
P-8 2026 10 al 10 30,2026-04-30,UNRECONCILED,D42000667,2026-03-10,LIQ TARJETA DEBITO MAESTRO BDV-LIQ TARJETA DEBITO MAESTRO BDV,CREDIT,204838.43,VENEZUELA MERCHANT,01020684710000014766,110108,0006,CD-0017425,VES
P-8 2026 10 al 10 30,2026-04-30,UNRECONCILED,D42000667,2026-03-10,LIQ TARJETA DEBITO MAESTRO BDV-LIQ TARJETA DEBITO MAESTRO BDV,CREDIT,95707.4,VENEZUELA MERCHANT,01020684710000014766,110108,0006,CD-0017425,VES
P-8 2026 10 al 10 30,2026-04-30,UNRECONCILED,D42100878,2026-03-10,LIQ TARJETA DEBITO MAESTRO BDV-LIQ TARJETA DEBITO MAESTRO BDV,CREDIT,1060.02,VENEZUELA MERCHANT,01020684710000014766,110108,0006,CD-0017425,VES
P-8 2026 10 al 10 30,2026-04-30,UNRECONCILED,D42100867,2026-03-10,LIQ TARJETA DEBITO MAESTRO BDV-LIQ TARJETA DEBITO MAESTRO BDV,CREDIT,16254.91,VENEZUELA MERCHANT,01020684710000014766,110108,0006,CD-0017425,VES
P-8 2026 10 al 10 30,2026-04-30,UNRECONCILED,D42300198,2026-03-10,LIQ TARJETA DEBITO MAESTRO BDV-LIQ TARJETA DEBITO MAESTRO BDV,CREDIT,16831.38,VENEZUELA MERCHANT,01020684710000014766,110108,0006,CD-0017425,VES
P-8 2026 10 al 10 30,2026-04-30,UNRECONCILED,D42400712,2026-03-10,LIQ TARJETA DEBITO MAESTRO BDV-LIQ TARJETA DEBITO MAESTRO BDV,CREDIT,19243.85,VENEZUELA MERCHANT,01020684710000014766,110108,0006,CD-0017425,VES
P-8 2026 10 al 10 30,2026-04-30,UNRECONCILED,D42700153,2026-03-10,LIQ TARJETA DEBITO MAESTRO BDV-LIQ TARJETA DEBITO MAESTRO BDV,CREDIT,4374.74,VENEZUELA MERCHANT,01020684710000014766,110108,0006,CD-0017425,VES
P-8 2026 10 al 10 30,2026-04-30,UNRECONCILED,M428009,2026-03-10,LIQ MONEDERO PATRIA-LIQ MONEDERO PATRIA,CREDIT,3256.47,VENEZUELA MERCHANT,01020684710000014766,110108,0006,CD-0003677,VES
P-8 2026 10 al 10 30,2026-04-30,UNRECONCILED,D42800731,2026-03-10,LIQ TARJETA DEBITO MAESTRO BDV-LIQ TARJETA DEBITO MAESTRO BDV,CREDIT,2434.82,VENEZUELA MERCHANT,01020684710000014766,110108,0006,CD-0017425,VES
P-8 2026 10 al 10 30,2026-04-30,UNRECONCILED,D42800652,2026-03-10,LIQ TARJETA DEBITO MAESTRO BDV-LIQ TARJETA DEBITO MAESTRO BDV,CREDIT,5572.48,VENEZUELA MERCHANT,01020684710000014766,110108,0006,CD-0017425,VES
P-8 2026 10 al 10 30,2026-04-30,UNRECONCILED,D42800653,2026-03-10,LIQ TARJETA DEBITO MAESTRO BDV-LIQ TARJETA DEBITO MAESTRO BDV,CREDIT,32098.1,VENEZUELA MERCHANT,01020684710000014766,110108,0006,CD-0017425,VES
P-8 2026 10 al 10 30,2026-04-30,UNRECONCILED,D42800651,2026-03-10,LIQ TARJETA DEBITO MAESTRO BDV-LIQ TARJETA DEBITO MAESTRO BDV,CREDIT,20012.3,VENEZUELA MERCHANT,01020684710000014766,110108,0006,CD-0017425,VES
P-8 2026 10 al 10 30,2026-04-30,UNRECONCILED,D42800735,2026-03-10,LIQ TARJETA DEBITO MAESTRO BDV-LIQ TARJETA DEBITO MAESTRO BDV,CREDIT,8023.97,VENEZUELA MERCHANT,01020684710000014766,110108,0006,CD-0017425,VES
P-8 2026 10 al 10 30,2026-04-30,UNRECONCILED,D42800736,2026-03-10,LIQ TARJETA DEBITO MAESTRO BDV-LIQ TARJETA DEBITO MAESTRO BDV,CREDIT,42548.92,VENEZUELA MERCHANT,01020684710000014766,110108,0006,CD-0017425,VES
P-8 2026 10 al 10 30,2026-04-30,UNRECONCILED,D42800730,2026-03-10,LIQ TARJETA DEBITO MAESTRO BDV-LIQ TARJETA DEBITO MAESTRO BDV,CREDIT,53059.46,VENEZUELA MERCHANT,01020684710000014766,110108,0006,CD-0017425,VES
P-8 2026 10 al 10 30,2026-04-30,UNRECONCILED,D42800443,2026-03-10,LIQ TARJETA DEBITO MAESTRO BDV-LIQ TARJETA DEBITO MAESTRO BDV,CREDIT,7347.89,VENEZUELA MERCHANT,01020684710000014766,110108,0006,CD-0017425,VES
P-8 2026 10 al 10 30,2026-04-30,UNRECONCILED,D42800733,2026-03-10,LIQ TARJETA DEBITO MAESTRO BDV-LIQ TARJETA DEBITO MAESTRO BDV,CREDIT,4310.98,VENEZUELA MERCHANT,01020684710000014766,110108,0006,CD-0017425,VES
P-8 2026 10 al 10 30,2026-04-30,UNRECONCILED,D42800734,2026-03-10,LIQ TARJETA DEBITO MAESTRO BDV-LIQ TARJETA DEBITO MAESTRO BDV,CREDIT,51730.02,VENEZUELA MERCHANT,01020684710000014766,110108,0006,CD-0017425,VES
P-8 2026 10 al 10 30,2026-04-30,UNRECONCILED,D42800521,2026-03-10,LIQ TARJETA DEBITO MAESTRO BDV-LIQ TARJETA DEBITO MAESTRO BDV,CREDIT,62557.02,VENEZUELA MERCHANT,01020684710000014766,110108,0006,CD-0017425,VES
P-8 2026 10 al 10 30,2026-04-30,UNRECONCILED,D42800646,2026-03-10,LIQ TARJETA DEBITO MAESTRO BDV-LIQ TARJETA DEBITO MAESTRO BDV,CREDIT,9579.33,VENEZUELA MERCHANT,01020684710000014766,110108,0006,CD-0017425,VES
P-8 2026 10 al 10 30,2026-04-30,UNRECONCILED,D42800647,2026-03-10,LIQ TARJETA DEBITO MAESTRO BDV-LIQ TARJETA DEBITO MAESTRO BDV,CREDIT,43743.92,VENEZUELA MERCHANT,01020684710000014766,110108,0006,CD-0017425,VES
P-8 2026 10 al 10 30,2026-04-30,UNRECONCILED,D42800556,2026-03-10,LIQ TARJETA DEBITO MAESTRO BDV-LIQ TARJETA DEBITO MAESTRO BDV,CREDIT,208.95,VENEZUELA MERCHANT,01020684710000014766,110108,0006,CD-0017425,VES
P-8 2026 10 al 10 30,2026-04-30,UNRECONCILED,D42800557,2026-03-10,LIQ TARJETA DEBITO MAESTRO BDV-LIQ TARJETA DEBITO MAESTRO BDV,CREDIT,18248.79,VENEZUELA MERCHANT,01020684710000014766,110108,0006,CD-0017425,VES
P-8 2026 10 al 10 30,2026-04-30,UNRECONCILED,D42800720,2026-03-10,LIQ TARJETA DEBITO MAESTRO BDV-LIQ TARJETA DEBITO MAESTRO BDV,CREDIT,3460.81,VENEZUELA MERCHANT,01020684710000014766,110108,0006,CD-0017425,VES
P-8 2026 10 al 10 30,2026-04-30,UNRECONCILED,D42800721,2026-03-10,LIQ TARJETA DEBITO MAESTRO BDV-LIQ TARJETA DEBITO MAESTRO BDV,CREDIT,107250.46,VENEZUELA MERCHANT,01020684710000014766,110108,0006,CD-0017425,VES
P-8 2026 10 al 10 30,2026-04-30,UNRECONCILED,D44000175,2026-03-10,LIQ TARJETA DEBITO MAESTRO BDV-LIQ TARJETA DEBITO MAESTRO BDV,CREDIT,1029.06,VENEZUELA MERCHANT,01020684710000014766,110108,0006,CD-0017425,VES
P-8 2026 10 al 10 30,2026-04-30,UNRECONCILED,D44000174,2026-03-10,LIQ TARJETA DEBITO MAESTRO BDV-LIQ TARJETA DEBITO MAESTRO BDV,CREDIT,17786.84,VENEZUELA MERCHANT,01020684710000014766,110108,0006,CD-0017425,VES
P-8 2026 10 al 10 30,2026-04-30,UNRECONCILED,D44000175,2026-03-10,LIQ TARJETA DEBITO MAESTRO BDV-LIQ TARJETA DEBITO MAESTRO BDV,CREDIT,79981.95,VENEZUELA MERCHANT,01020684710000014766,110108,0006,CD-0017425,VES
P-8 2026 10 al 10 30,2026-04-30,UNRECONCILED,D44000174,2026-03-10,LIQ TARJETA DEBITO MAESTRO BDV-LIQ TARJETA DEBITO MAESTRO BDV,CREDIT,22407.51,VENEZUELA MERCHANT,01020684710000014766,110108,0006,CD-0017425,VES
P-8 2026 10 al 10 30,2026-04-30,UNRECONCILED,D44000175,2026-03-10,LIQ TARJETA DEBITO MAESTRO BDV-LIQ TARJETA DEBITO MAESTRO BDV,CREDIT,141083.31,VENEZUELA MERCHANT,01020684710000014766,110108,0006,CD-0017425,VES
P-8 2026 10 al 10 30,2026-04-30,UNRECONCILED,D48300480,2026-03-10,LIQ TARJETA DEBITO MAESTRO BDV-LIQ TARJETA DEBITO MAESTRO BDV,CREDIT,5208.37,VENEZUELA MERCHANT,01020684710000014766,110108,0006,CD-0017425,VES
P-8 2026 10 al 10 30,2026-04-30,UNRECONCILED,D48400758,2026-03-10,LIQ TARJETA DEBITO MAESTRO BDV-LIQ TARJETA DEBITO MAESTRO BDV,CREDIT,62994.95,VENEZUELA MERCHANT,01020684710000014766,110108,0006,CD-0017425,VES
P-8 2026 10 al 10 30,2026-04-30,UNRECONCILED,D50300081,2026-03-10,LIQ TARJETA DEBITO MAESTRO BDV-LIQ TARJETA DEBITO MAESTRO BDV,CREDIT,10117.9,VENEZUELA MERCHANT,01020684710000014766,110108,0006,CD-0017425,VES
P-8 2026 10 al 10 30,2026-04-30,UNRECONCILED,D50400221,2026-03-10,LIQ TARJETA DEBITO MAESTRO BDV-LIQ TARJETA DEBITO MAESTRO BDV,CREDIT,14956.98,VENEZUELA MERCHANT,01020684710000014766,110108,0006,CD-0017425,VES
P-8 2026 10 al 10 30,2026-04-30,UNRECONCILED,D50400221,2026-03-10,LIQ TARJETA DEBITO MAESTRO BDV-LIQ TARJETA DEBITO MAESTRO BDV,CREDIT,154508.95,VENEZUELA MERCHANT,01020684710000014766,110108,0006,CD-0017425,VES
P-8 2026 10 al 10 30,2026-04-30,UNRECONCILED,D51000217,2026-03-10,LIQ TARJETA DEBITO MAESTRO BDV-LIQ TARJETA DEBITO MAESTRO BDV,CREDIT,7713.89,VENEZUELA MERCHANT,01020684710000014766,110108,0006,CD-0017425,VES
P-8 2026 10 al 10 30,2026-04-30,UNRECONCILED,D51000218,2026-03-10,LIQ TARJETA DEBITO MAESTRO BDV-LIQ TARJETA DEBITO MAESTRO BDV,CREDIT,79078.14,VENEZUELA MERCHANT,01020684710000014766,110108,0006,CD-0017425,VES
P-8 2026 10 al 10 30,2026-04-30,UNRECONCILED,D51000218,2026-03-10,LIQ TARJETA DEBITO MAESTRO BDV-LIQ TARJETA DEBITO MAESTRO BDV,CREDIT,11487.14,VENEZUELA MERCHANT,01020684710000014766,110108,0006,CD-0017425,VES
P-8 2026 10 al 10 30,2026-04-30,UNRECONCILED,D52000214,2026-03-10,LIQ TARJETA DEBITO MAESTRO BDV-LIQ TARJETA DEBITO MAESTRO BDV,CREDIT,8504.22,VENEZUELA MERCHANT,01020684710000014766,110108,0006,CD-0017425,VES
P-8 2026 10 al 10 30,2026-04-30,UNRECONCILED,D52100223,2026-03-10,LIQ TARJETA DEBITO MAESTRO BDV-LIQ TARJETA DEBITO MAESTRO BDV,CREDIT,9600.81,VENEZUELA MERCHANT,01020684710000014766,110108,0006,CD-0017425,VES
P-8 2026 10 al 10 30,2026-04-30,UNRECONCILED,D52100223,2026-03-10,LIQ TARJETA DEBITO MAESTRO BDV-LIQ TARJETA DEBITO MAESTRO BDV,CREDIT,10268.6,VENEZUELA MERCHANT,01020684710000014766,110108,0006,CD-0017425,VES
P-8 2026 10 al 10 30,2026-04-30,UNRECONCILED,D52100220,2026-03-10,LIQ TARJETA DEBITO MAESTRO BDV-LIQ TARJETA DEBITO MAESTRO BDV,CREDIT,23088.82,VENEZUELA MERCHANT,01020684710000014766,110108,0006,CD-0017425,VES
P-8 2026 10 al 10 30,2026-04-30,UNRECONCILED,D59300903,2026-03-10,LIQ TARJETA DEBITO MAESTRO BDV-LIQ TARJETA DEBITO MAESTRO BDV,CREDIT,231659.67,VENEZUELA MERCHANT,01020684710000014766,110108,0006,CD-0017425,VES
P-8 2026 10 al 10 30,2026-04-30,UNRECONCILED,D59300389,2026-03-10,LIQ TARJETA DEBITO MAESTRO BDV-LIQ TARJETA DEBITO MAESTRO BDV,CREDIT,12956.82,VENEZUELA MERCHANT,01020684710000014766,110108,0006,CD-0017425,VES
P-8 2026 10 al 10 30,2026-04-30,UNRECONCILED,D59300388,2026-03-10,LIQ TARJETA DEBITO MAESTRO BDV-LIQ TARJETA DEBITO MAESTRO BDV,CREDIT,33181.31,VENEZUELA MERCHANT,01020684710000014766,110108,0006,CD-0017425,VES
P-8 2026 10 al 10 30,2026-04-30,UNRECONCILED,D59300389,2026-03-10,LIQ TARJETA DEBITO MAESTRO BDV-LIQ TARJETA DEBITO MAESTRO BDV,CREDIT,194888.48,VENEZUELA MERCHANT,01020684710000014766,110108,0006,CD-0017425,VES
P-8 2026 10 al 10 30,2026-04-30,UNRECONCILED,D59500413,2026-03-10,LIQ TARJETA DEBITO MAESTRO BDV-LIQ TARJETA DEBITO MAESTRO BDV,CREDIT,104963.69,VENEZUELA MERCHANT,01020684710000014766,110108,0006,CD-0017425,VES
P-8 2026 10 al 10 30,2026-04-30,UNRECONCILED,D60000700,2026-03-10,LIQ TARJETA DEBITO MAESTRO BDV-LIQ TARJETA DEBITO MAESTRO BDV,CREDIT,15540.6,VENEZUELA MERCHANT,01020684710000014766,110108,0006,CD-0017425,VES
P-8 2026 10 al 10 30,2026-04-30,UNRECONCILED,D60300070,2026-03-10,LIQ TARJETA DEBITO MAESTRO BDV-LIQ TARJETA DEBITO MAESTRO BDV,CREDIT,821.48,VENEZUELA MERCHANT,01020684710000014766,110108,0006,CD-0017425,VES
P-8 2026 10 al 10 30,2026-04-30,UNRECONCILED,D60300218,2026-03-10,LIQ TARJETA DEBITO MAESTRO BDV-LIQ TARJETA DEBITO MAESTRO BDV,CREDIT,19218.69,VENEZUELA MERCHANT,01020684710000014766,110108,0006,CD-0017425,VES
P-8 2026 10 al 10 30,2026-04-30,UNRECONCILED,D60400976,2026-03-10,LIQ TARJETA DEBITO MAESTRO BDV-LIQ TARJETA DEBITO MAESTRO BDV,CREDIT,10723.61,VENEZUELA MERCHANT,01020684710000014766,110108,0006,CD-0017425,VES
P-8 2026 10 al 10 30,2026-04-30,UNRECONCILED,D60400842,2026-03-10,LIQ TARJETA DEBITO MAESTRO BDV-LIQ TARJETA DEBITO MAESTRO BDV,CREDIT,12005.36,VENEZUELA MERCHANT,01020684710000014766,110108,0006,CD-0017425,VES
P-8 2026 10 al 10 30,2026-04-30,UNRECONCILED,D60400202,2026-03-10,LIQ TARJETA DEBITO MAESTRO BDV-LIQ TARJETA DEBITO MAESTRO BDV,CREDIT,3641.11,VENEZUELA MERCHANT,01020684710000014766,110108,0006,CD-0017425,VES
P-8 2026 10 al 10 30,2026-04-30,UNRECONCILED,M605009,2026-03-10,LIQ MONEDERO PATRIA-LIQ MONEDERO PATRIA,CREDIT,28248.99,VENEZUELA MERCHANT,01020684710000014766,110108,0006,CD-0003677,VES
P-8 2026 10 al 10 30,2026-04-30,UNRECONCILED,D60500413,2026-03-10,LIQ TARJETA DEBITO MAESTRO BDV-LIQ TARJETA DEBITO MAESTRO BDV,CREDIT,16255.5,VENEZUELA MERCHANT,01020684710000014766,110108,0006,CD-0017425,VES
P-8 2026 10 al 10 30,2026-04-30,UNRECONCILED,D60800763,2026-03-10,LIQ TARJETA DEBITO MAESTRO BDV-LIQ TARJETA DEBITO MAESTRO BDV,CREDIT,12698.17,VENEZUELA MERCHANT,01020684710000014766,110108,0006,CD-0017425,VES
P-8 2026 10 al 10 30,2026-04-30,UNRECONCILED,D60800782,2026-03-10,LIQ TARJETA DEBITO MAESTRO BDV-LIQ TARJETA DEBITO MAESTRO BDV,CREDIT,9066.95,VENEZUELA MERCHANT,01020684710000014766,110108,0006,CD-0017425,VES
P-8 2026 10 al 10 30,2026-04-30,UNRECONCILED,D60800782,2026-03-10,LIQ TARJETA DEBITO MAESTRO BDV-LIQ TARJETA DEBITO MAESTRO BDV,CREDIT,15002.96,VENEZUELA MERCHANT,01020684710000014766,110108,0006,CD-0017425,VES
P-8 2026 10 al 10 30,2026-04-30,UNRECONCILED,D60800810,2026-03-10,LIQ TARJETA DEBITO MAESTRO BDV-LIQ TARJETA DEBITO MAESTRO BDV,CREDIT,291796.35,VENEZUELA MERCHANT,01020684710000014766,110108,0006,CD-0017425,VES
P-8 2026 10 al 10 30,2026-04-30,UNRECONCILED,D66600558,2026-03-10,LIQ TARJETA DEBITO MAESTRO BDV-LIQ TARJETA DEBITO MAESTRO BDV,CREDIT,38738.6,VENEZUELA MERCHANT,01020684710000014766,110108,0006,CD-0017425,VES
P-8 2026 10 al 10 30,2026-04-30,UNRECONCILED,D66800143,2026-03-10,LIQ TARJETA DEBITO MAESTRO BDV-LIQ TARJETA DEBITO MAESTRO BDV,CREDIT,128951.29,VENEZUELA MERCHANT,01020684710000014766,110108,0006,CD-0017425,VES
P-8 2026 10 al 10 30,2026-04-30,UNRECONCILED,D66800404,2026-03-10,LIQ TARJETA DEBITO MAESTRO BDV-LIQ TARJETA DEBITO MAESTRO BDV,CREDIT,35504.95,VENEZUELA MERCHANT,01020684710000014766,110108,0006,CD-0017425,VES
P-8 2026 10 al 10 30,2026-04-30,UNRECONCILED,D66900049,2026-03-10,LIQ TARJETA DEBITO MAESTRO BDV-LIQ TARJETA DEBITO MAESTRO BDV,CREDIT,39691.22,VENEZUELA MERCHANT,01020684710000014766,110108,0006,CD-0017425,VES
P-8 2026 10 al 10 30,2026-04-30,UNRECONCILED,D66900049,2026-03-10,LIQ TARJETA DEBITO MAESTRO BDV-LIQ TARJETA DEBITO MAESTRO BDV,CREDIT,19150.86,VENEZUELA MERCHANT,01020684710000014766,110108,0006,CD-0017425,VES
P-8 2026 10 al 10 30,2026-04-30,UNRECONCILED,D67000933,2026-03-10,LIQ TARJETA DEBITO MAESTRO BDV-LIQ TARJETA DEBITO MAESTRO BDV,CREDIT,12368.88,VENEZUELA MERCHANT,01020684710000014766,110108,0006,CD-0017425,VES
P-8 2026 10 al 10 30,2026-04-30,UNRECONCILED,D67000797,2026-03-10,LIQ TARJETA DEBITO MAESTRO BDV-LIQ TARJETA DEBITO MAESTRO BDV,CREDIT,35820.1,VENEZUELA MERCHANT,01020684710000014766,110108,0006,CD-0017425,VES
P-8 2026 10 al 10 30,2026-04-30,UNRECONCILED,D67100054,2026-03-10,LIQ TARJETA DEBITO MAESTRO BDV-LIQ TARJETA DEBITO MAESTRO BDV,CREDIT,99176.84,VENEZUELA MERCHANT,01020684710000014766,110108,0006,CD-0017425,VES
P-8 2026 10 al 10 30,2026-04-30,UNRECONCILED,D67100042,2026-03-10,LIQ TARJETA DEBITO MAESTRO BDV-LIQ TARJETA DEBITO MAESTRO BDV,CREDIT,20422.33,VENEZUELA MERCHANT,01020684710000014766,110108,0006,CD-0017425,VES
P-8 2026 10 al 10 30,2026-04-30,UNRECONCILED,D67500139,2026-03-10,LIQ TARJETA DEBITO MAESTRO BDV-LIQ TARJETA DEBITO MAESTRO BDV,CREDIT,4468.26,VENEZUELA MERCHANT,01020684710000014766,110108,0006,CD-0017425,VES
P-8 2026 10 al 10 30,2026-04-30,UNRECONCILED,D67500616,2026-03-10,LIQ TARJETA DEBITO MAESTRO BDV-LIQ TARJETA DEBITO MAESTRO BDV,CREDIT,20110.02,VENEZUELA MERCHANT,01020684710000014766,110108,0006,CD-0017425,VES
P-8 2026 10 al 10 30,2026-04-30,UNRECONCILED,D68200752,2026-03-10,LIQ TARJETA DEBITO MAESTRO BDV-LIQ TARJETA DEBITO MAESTRO BDV,CREDIT,16045.12,VENEZUELA MERCHANT,01020684710000014766,110108,0006,CD-0017425,VES
P-8 2026 10 al 10 30,2026-04-30,UNRECONCILED,D68200747,2026-03-10,LIQ TARJETA DEBITO MAESTRO BDV-LIQ TARJETA DEBITO MAESTRO BDV,CREDIT,7641.66,VENEZUELA MERCHANT,01020684710000014766,110108,0006,CD-0017425,VES
P-8 2026 10 al 10 30,2026-04-30,UNRECONCILED,D69000804,2026-03-10,LIQ TARJETA DEBITO MAESTRO BDV-LIQ TARJETA DEBITO MAESTRO BDV,CREDIT,20628.57,VENEZUELA MERCHANT,01020684710000014766,110108,0006,CD-0017425,VES
P-8 2026 10 al 10 30,2026-04-30,UNRECONCILED,D69400660,2026-03-10,LIQ TARJETA DEBITO MAESTRO BDV-LIQ TARJETA DEBITO MAESTRO BDV,CREDIT,5776.97,VENEZUELA MERCHANT,01020684710000014766,110108,0006,CD-0017425,VES
P-8 2026 10 al 10 30,2026-04-30,UNRECONCILED,D70000676,2026-03-10,LIQ TARJETA DEBITO MAESTRO BDV-LIQ TARJETA DEBITO MAESTRO BDV,CREDIT,8742.65,VENEZUELA MERCHANT,01020684710000014766,110108,0006,CD-0017425,VES
P-8 2026 10 al 10 30,2026-04-30,UNRECONCILED,D70000372,2026-03-10,LIQ TARJETA DEBITO MAESTRO BDV-LIQ TARJETA DEBITO MAESTRO BDV,CREDIT,3589.75,VENEZUELA MERCHANT,01020684710000014766,110108,0006,CD-0017425,VES
P-8 2026 10 al 10 30,2026-04-30,UNRECONCILED,D70400362,2026-03-10,LIQ TARJETA DEBITO MAESTRO BDV-LIQ TARJETA DEBITO MAESTRO BDV,CREDIT,6596.92,VENEZUELA MERCHANT,01020684710000014766,110108,0006,CD-0017425,VES
P-8 2026 10 al 10 30,2026-04-30,UNRECONCILED,D70400022,2026-03-10,LIQ TARJETA DEBITO MAESTRO BDV-LIQ TARJETA DEBITO MAESTRO BDV,CREDIT,10499.4,VENEZUELA MERCHANT,01020684710000014766,110108,0006,CD-0017425,VES
P-8 2026 10 al 10 30,2026-04-30,UNRECONCILED,BD4280009,2026-03-10,LIQUIDACION TDD BIOPAGOBDV-LIQUIDACION TDD BIOPAGOBDV,CREDIT,3124454.99,VENEZUELA MERCHANT,01020684710000014766,110108,0006,CD-0017403,VES
P-8 2026 10 al 10 30,2026-04-30,UNRECONCILED,BC4010009,2026-03-10,LIQUIDACION TDC BIOPAGOBDV-LIQUIDACION TDC BIOPAGOBDV,CREDIT,22073.74,VENEZUELA MERCHANT,01020684710000014766,110108,0006,CD-0017402,VES
P-8 2026 10 al 10 30,2026-04-30,UNRECONCILED,BC4840009,2026-03-10,LIQUIDACION TDC BIOPAGOBDV-LIQUIDACION TDC BIOPAGOBDV,CREDIT,20038.43,VENEZUELA MERCHANT,01020684710000014766,110108,0006,CD-0017402,VES
P-8 2026 10 al 10 30,2026-04-30,UNRECONCILED,BD5030009,2026-03-10,LIQUIDACION TDD BIOPAGOBDV-LIQUIDACION TDD BIOPAGOBDV,CREDIT,3365471.82,VENEZUELA MERCHANT,01020684710000014766,110108,0006,CD-0017403,VES
P-8 2026 10 al 10 30,2026-04-30,UNRECONCILED,BD2060009,2026-03-10,LIQUIDACION TDD BIOPAGOBDV-LIQUIDACION TDD BIOPAGOBDV,CREDIT,2842008.98,VENEZUELA MERCHANT,01020684710000014766,110108,0006,CD-0017403,VES
P-8 2026 10 al 10 30,2026-04-30,UNRECONCILED,BD3070009,2026-03-10,LIQUIDACION TDD BIOPAGOBDV-LIQUIDACION TDD BIOPAGOBDV,CREDIT,2672216.79,VENEZUELA MERCHANT,01020684710000014766,110108,0006,CD-0017403,VES
P-8 2026 10 al 10 30,2026-04-30,UNRECONCILED,BD4840009,2026-03-10,LIQUIDACION TDD BIOPAGOBDV-LIQUIDACION TDD BIOPAGOBDV,CREDIT,2313318.49,VENEZUELA MERCHANT,01020684710000014766,110108,0006,CD-0017403,VES
P-8 2026 10 al 10 30,2026-04-30,UNRECONCILED,BD1290009,2026-03-10,LIQUIDACION TDD BIOPAGOBDV-LIQUIDACION TDD BIOPAGOBDV,CREDIT,871036.15,VENEZUELA MERCHANT,01020684710000014766,110108,0006,CD-0017403,VES
P-8 2026 10 al 10 30,2026-04-30,UNRECONCILED,BD1450009,2026-03-10,LIQUIDACION TDD BIOPAGOBDV-LIQUIDACION TDD BIOPAGOBDV,CREDIT,943883.56,VENEZUELA MERCHANT,01020684710000014766,110108,0006,CD-0017403,VES
P-8 2026 10 al 10 30,2026-04-30,UNRECONCILED,BC1450009,2026-03-10,LIQUIDACION TDC BIOPAGOBDV-LIQUIDACION TDC BIOPAGOBDV,CREDIT,6476.01,VENEZUELA MERCHANT,01020684710000014766,110108,0006,CD-0017402,VES
P-8 2026 10 al 10 30,2026-04-30,UNRECONCILED,BC2790009,2026-03-10,LIQUIDACION TDC BIOPAGOBDV-LIQUIDACION TDC BIOPAGOBDV,CREDIT,7707.91,VENEZUELA MERCHANT,01020684710000014766,110108,0006,CD-0017402,VES
P-8 2026 10 al 10 30,2026-04-30,UNRECONCILED,BD7010009,2026-03-10,LIQUIDACION TDD BIOPAGOBDV-LIQUIDACION TDD BIOPAGOBDV,CREDIT,4084995.3,VENEZUELA MERCHANT,01020684710000014766,110108,0006,CD-0017403,VES
P-8 2026 10 al 10 30,2026-04-30,UNRECONCILED,BD1940009,2026-03-10,LIQUIDACION TDD BIOPAGOBDV-LIQUIDACION TDD BIOPAGOBDV,CREDIT,2077622.04,VENEZUELA MERCHANT,01020684710000014766,110108,0006,CD-0017403,VES
P-8 2026 10 al 10 30,2026-04-30,UNRECONCILED,BD4400009,2026-03-10,LIQUIDACION TDD BIOPAGOBDV-LIQUIDACION TDD BIOPAGOBDV,CREDIT,4158060.89,VENEZUELA MERCHANT,01020684710000014766,110108,0006,CD-0017403,VES
P-8 2026 10 al 10 30,2026-04-30,UNRECONCILED,BD4010009,2026-03-10,LIQUIDACION TDD BIOPAGOBDV-LIQUIDACION TDD BIOPAGOBDV,CREDIT,2937273.24,VENEZUELA MERCHANT,01020684710000014766,110108,0006,CD-0017403,VES
P-8 2026 10 al 10 30,2026-04-30,UNRECONCILED,BD1560009,2026-03-10,LIQUIDACION TDD BIOPAGOBDV-LIQUIDACION TDD BIOPAGOBDV,CREDIT,2085518.08,VENEZUELA MERCHANT,01020684710000014766,110108,0006,CD-0017403,VES
P-8 2026 10 al 10 30,2026-04-30,UNRECONCILED,BD2790009,2026-03-10,LIQUIDACION TDD BIOPAGOBDV-LIQUIDACION TDD BIOPAGOBDV,CREDIT,1796110.74,VENEZUELA MERCHANT,01020684710000014766,110108,0006,CD-0017403,VES
P-8 2026 10 al 10 30,2026-04-30,UNRECONCILED,BD5950009,2026-03-10,LIQUIDACION TDD BIOPAGOBDV-LIQUIDACION TDD BIOPAGOBDV,CREDIT,914270.42,VENEZUELA MERCHANT,01020684710000014766,110108,0006,CD-0017403,VES
P-8 2026 10 al 10 30,2026-04-30,UNRECONCILED,BC7010009,2026-03-10,LIQUIDACION TDC BIOPAGOBDV-LIQUIDACION TDC BIOPAGOBDV,CREDIT,7063.79,VENEZUELA MERCHANT,01020684710000014766,110108,0006,CD-0017402,VES
P-8 2026 10 al 10 30,2026-04-30,UNRECONCILED,BD2750009,2026-03-10,LIQUIDACION TDD BIOPAGOBDV-LIQUIDACION TDD BIOPAGOBDV,CREDIT,1804600.57,VENEZUELA MERCHANT,01020684710000014766,110108,0006,CD-0017403,VES
P-8 2026 10 al 10 30,2026-04-30,UNRECONCILED,BD2710009,2026-03-10,LIQUIDACION TDD BIOPAGOBDV-LIQUIDACION TDD BIOPAGOBDV,CREDIT,1649585.61,VENEZUELA MERCHANT,01020684710000014766,110108,0006,CD-0017403,VES
P-8 2026 10 al 10 30,2026-04-30,UNRECONCILED,BD2970009,2026-03-10,LIQUIDACION TDD BIOPAGOBDV-LIQUIDACION TDD BIOPAGOBDV,CREDIT,3390922.78,VENEZUELA MERCHANT,01020684710000014766,110108,0006,CD-0017403,VES
P-8 2026 10 al 10 30,2026-04-30,UNRECONCILED,BD6050009,2026-03-10,LIQUIDACION TDD BIOPAGOBDV-LIQUIDACION TDD BIOPAGOBDV,CREDIT,1916970.04,VENEZUELA MERCHANT,01020684710000014766,110108,0006,CD-0017403,VES
P-8 2026 10 al 10 30,2026-04-30,UNRECONCILED,BD2860009,2026-03-10,LIQUIDACION TDD BIOPAGOBDV-LIQUIDACION TDD BIOPAGOBDV,CREDIT,1535579.91,VENEZUELA MERCHANT,01020684710000014766,110108,0006,CD-0017403,VES
P-8 2026 10 al 10 30,2026-04-30,UNRECONCILED,BC4400009,2026-03-10,LIQUIDACION TDC BIOPAGOBDV-LIQUIDACION TDC BIOPAGOBDV,CREDIT,17808.86,VENEZUELA MERCHANT,01020684710000014766,110108,0006,CD-0017402,VES
P-8 2026 10 al 10 30,2026-04-30,UNRECONCILED,BC1640009,2026-03-10,LIQUIDACION TDC BIOPAGOBDV-LIQUIDACION TDC BIOPAGOBDV,CREDIT,5618.94,VENEZUELA MERCHANT,01020684710000014766,110108,0006,CD-0017402,VES
P-8 2026 10 al 10 30,2026-04-30,UNRECONCILED,BD2690009,2026-03-10,LIQUIDACION TDD BIOPAGOBDV-LIQUIDACION TDD BIOPAGOBDV,CREDIT,1206851.01,VENEZUELA MERCHANT,01020684710000014766,110108,0006,CD-0017403,VES
P-8 2026 10 al 10 30,2026-04-30,UNRECONCILED,BD6680009,2026-03-10,LIQUIDACION TDD BIOPAGOBDV-LIQUIDACION TDD BIOPAGOBDV,CREDIT,1423063.44,VENEZUELA MERCHANT,01020684710000014766,110108,0006,CD-0017403,VES
P-8 2026 10 al 10 30,2026-04-30,UNRECONCILED,BD6800009,2026-03-10,LIQUIDACION TDD BIOPAGOBDV-LIQUIDACION TDD BIOPAGOBDV,CREDIT,3759055.24,VENEZUELA MERCHANT,01020684710000014766,110108,0006,CD-0017403,VES
P-8 2026 15 al 15 23,2026-04-30,UNRECONCILED,D11500441,2026-03-15,LIQ TARJETA DEBITO MAESTRO BDV-LIQ TARJETA DEBITO MAESTRO BDV,CREDIT,21212.51,VENEZUELA MERCHANT,01020684710000014766,110108,0006,CD-0017425,VES
P-8 2026 15 al 15 23,2026-04-30,UNRECONCILED,M119004,2026-03-15,LIQ MONEDERO PATRIA-LIQ MONEDERO PATRIA,CREDIT,21768.54,VENEZUELA MERCHANT,01020684710000014766,110108,0006,CD-0003677,VES
P-8 2026 15 al 15 23,2026-04-30,UNRECONCILED,C12000142,2026-03-15,LIQUIDACION T CREDITO VS MC BD-LIQUIDACION T CREDITO VS MC BD,CREDIT,4979.32,VENEZUELA MERCHANT,01020684710000014766,110108,0006,CD-0017430,VES
P-8 2026 15 al 15 23,2026-04-30,UNRECONCILED,D12600228,2026-03-15,LIQ TARJETA DEBITO MAESTRO BDV-LIQ TARJETA DEBITO MAESTRO BDV,CREDIT,28927.69,VENEZUELA MERCHANT,01020684710000014766,110108,0006,CD-0017425,VES
P-8 2026 15 al 15 23,2026-04-30,UNRECONCILED,D12600228,2026-03-15,LIQ TARJETA DEBITO MAESTRO BDV-LIQ TARJETA DEBITO MAESTRO BDV,CREDIT,5890.71,VENEZUELA MERCHANT,01020684710000014766,110108,0006,CD-0017425,VES
P-8 2026 15 al 15 23,2026-04-30,UNRECONCILED,D12600208,2026-03-15,LIQ TARJETA DEBITO MAESTRO BDV-LIQ TARJETA DEBITO MAESTRO BDV,CREDIT,7659.79,VENEZUELA MERCHANT,01020684710000014766,110108,0006,CD-0017425,VES
P-8 2026 15 al 15 23,2026-04-30,UNRECONCILED,D13300967,2026-03-15,LIQ TARJETA DEBITO MAESTRO BDV-LIQ TARJETA DEBITO MAESTRO BDV,CREDIT,21255.92,VENEZUELA MERCHANT,01020684710000014766,110108,0006,CD-0017425,VES
P-8 2026 15 al 15 23,2026-04-30,UNRECONCILED,D13400896,2026-03-15,LIQ TARJETA DEBITO MAESTRO BDV-LIQ TARJETA DEBITO MAESTRO BDV,CREDIT,247606.69,VENEZUELA MERCHANT,01020684710000014766,110108,0006,CD-0017425,VES
P-8 2026 15 al 15 23,2026-04-30,UNRECONCILED,D13500438,2026-03-15,LIQ TARJETA DEBITO MAESTRO BDV-LIQ TARJETA DEBITO MAESTRO BDV,CREDIT,155548.46,VENEZUELA MERCHANT,01020684710000014766,110108,0006,CD-0017425,VES
P-8 2026 15 al 15 23,2026-04-30,UNRECONCILED,D13600665,2026-03-15,LIQ TARJETA DEBITO MAESTRO BDV-LIQ TARJETA DEBITO MAESTRO BDV,CREDIT,39100.41,VENEZUELA MERCHANT,01020684710000014766,110108,0006,CD-0017425,VES
P-8 2026 15 al 15 23,2026-04-30,UNRECONCILED,D13700622,2026-03-15,LIQ TARJETA DEBITO MAESTRO BDV-LIQ TARJETA DEBITO MAESTRO BDV,CREDIT,201675.29,VENEZUELA MERCHANT,01020684710000014766,110108,0006,CD-0017425,VES
P-8 2026 15 al 15 23,2026-04-30,UNRECONCILED,D14200093,2026-03-15,LIQ TARJETA DEBITO MAESTRO BDV-LIQ TARJETA DEBITO MAESTRO BDV,CREDIT,5949.95,VENEZUELA MERCHANT,01020684710000014766,110108,0006,CD-0017425,VES
P-8 2026 15 al 15 23,2026-04-30,UNRECONCILED,D14300067,2026-03-15,LIQ TARJETA DEBITO MAESTRO BDV-LIQ TARJETA DEBITO MAESTRO BDV,CREDIT,7416.7,VENEZUELA MERCHANT,01020684710000014766,110108,0006,CD-0017425,VES
P-8 2026 15 al 15 23,2026-04-30,UNRECONCILED,M182004,2026-03-15,LIQ MONEDERO PATRIA-LIQ MONEDERO PATRIA,CREDIT,841.73,VENEZUELA MERCHANT,01020684710000014766,110108,0006,CD-0003677,VES
P-8 2026 15 al 15 23,2026-04-30,UNRECONCILED,D18700691,2026-03-15,LIQ TARJETA DEBITO MAESTRO BDV-LIQ TARJETA DEBITO MAESTRO BDV,CREDIT,179964.47,VENEZUELA MERCHANT,01020684710000014766,110108,0006,CD-0017425,VES
P-8 2026 15 al 15 23,2026-04-30,UNRECONCILED,D18900534,2026-03-15,LIQ TARJETA DEBITO MAESTRO BDV-LIQ TARJETA DEBITO MAESTRO BDV,CREDIT,24046.31,VENEZUELA MERCHANT,01020684710000014766,110108,0006,CD-0017425,VES
P-8 2026 15 al 15 23,2026-04-30,UNRECONCILED,D19200760,2026-03-15,LIQ TARJETA DEBITO MAESTRO BDV-LIQ TARJETA DEBITO MAESTRO BDV,CREDIT,6082.3,VENEZUELA MERCHANT,01020684710000014766,110108,0006,CD-0017425,VES
P-8 2026 15 al 15 23,2026-04-30,UNRECONCILED,D20400239,2026-03-15,LIQ TARJETA DEBITO MAESTRO BDV-LIQ TARJETA DEBITO MAESTRO BDV,CREDIT,217476.59,VENEZUELA MERCHANT,01020684710000014766,110108,0006,CD-0017425,VES
P-8 2026 15 al 15 23,2026-04-30,UNRECONCILED,M210004,2026-03-15,LIQ MONEDERO PATRIA-LIQ MONEDERO PATRIA,CREDIT,52696.45,VENEZUELA MERCHANT,01020684710000014766,110108,0006,CD-0003677,VES
P-8 2026 15 al 15 23,2026-04-30,UNRECONCILED,D21000920,2026-03-15,LIQ TARJETA DEBITO MAESTRO BDV-LIQ TARJETA DEBITO MAESTRO BDV,CREDIT,31902.14,VENEZUELA MERCHANT,01020684710000014766,110108,0006,CD-0017425,VES
P-8 2026 15 al 15 23,2026-04-30,UNRECONCILED,D26700490,2026-03-15,LIQ TARJETA DEBITO MAESTRO BDV-LIQ TARJETA DEBITO MAESTRO BDV,CREDIT,44432.48,VENEZUELA MERCHANT,01020684710000014766,110108,0006,CD-0017425,VES
P-8 2026 15 al 15 23,2026-04-30,UNRECONCILED,D26700035,2026-03-15,LIQ TARJETA DEBITO MAESTRO BDV-LIQ TARJETA DEBITO MAESTRO BDV,CREDIT,210979.71,VENEZUELA MERCHANT,01020684710000014766,110108,0006,CD-0017425,VES
P-8 2026 15 al 15 23,2026-04-30,UNRECONCILED,D27100239,2026-03-15,LIQ TARJETA DEBITO MAESTRO BDV-LIQ TARJETA DEBITO MAESTRO BDV,CREDIT,222041.37,VENEZUELA MERCHANT,01020684710000014766,110108,0006,CD-0017425,VES
P-8 2026 15 al 15 23,2026-04-30,UNRECONCILED,D28700422,2026-03-15,LIQ TARJETA DEBITO MAESTRO BDV-LIQ TARJETA DEBITO MAESTRO BDV,CREDIT,461.37,VENEZUELA MERCHANT,01020684710000014766,110108,0006,CD-0017425,VES
P-8 2026 15 al 15 23,2026-04-30,UNRECONCILED,D28700108,2026-03-15,LIQ TARJETA DEBITO MAESTRO BDV-LIQ TARJETA DEBITO MAESTRO BDV,CREDIT,25856.03,VENEZUELA MERCHANT,01020684710000014766,110108,0006,CD-0017425,VES
P-8 2026 15 al 15 23,2026-04-30,UNRECONCILED,C28700108,2026-03-15,LIQUIDACION T CREDITO VS MC BD-LIQUIDACION T CREDITO VS MC BD,CREDIT,4554.66,VENEZUELA MERCHANT,01020684710000014766,110108,0006,CD-0017430,VES
P-8 2026 15 al 15 23,2026-04-30,UNRECONCILED,D29800399,2026-03-15,LIQ TARJETA DEBITO MAESTRO BDV-LIQ TARJETA DEBITO MAESTRO BDV,CREDIT,227907.11,VENEZUELA MERCHANT,01020684710000014766,110108,0006,CD-0017425,VES
P-8 2026 15 al 15 23,2026-04-30,UNRECONCILED,D30300353,2026-03-15,LIQ TARJETA DEBITO MAESTRO BDV-LIQ TARJETA DEBITO MAESTRO BDV,CREDIT,42360.83,VENEZUELA MERCHANT,01020684710000014766,110108,0006,CD-0017425,VES
P-8 2026 15 al 15 23,2026-04-30,UNRECONCILED,D30400509,2026-03-15,LIQ TARJETA DEBITO MAESTRO BDV-LIQ TARJETA DEBITO MAESTRO BDV,CREDIT,40695.84,VENEZUELA MERCHANT,01020684710000014766,110108,0006,CD-0017425,VES
P-8 2026 15 al 15 23,2026-04-30,UNRECONCILED,D30700040,2026-03-15,LIQ TARJETA DEBITO MAESTRO BDV-LIQ TARJETA DEBITO MAESTRO BDV,CREDIT,104611.27,VENEZUELA MERCHANT,01020684710000014766,110108,0006,CD-0017425,VES
P-8 2026 15 al 15 23,2026-04-30,UNRECONCILED,D30700033,2026-03-15,LIQ TARJETA DEBITO MAESTRO BDV-LIQ TARJETA DEBITO MAESTRO BDV,CREDIT,2238.27,VENEZUELA MERCHANT,01020684710000014766,110108,0006,CD-0017425,VES
P-8 2026 15 al 15 23,2026-04-30,UNRECONCILED,D33000232,2026-03-15,LIQ TARJETA DEBITO MAESTRO BDV-LIQ TARJETA DEBITO MAESTRO BDV,CREDIT,20022.88,VENEZUELA MERCHANT,01020684710000014766,110108,0006,CD-0017425,VES
P-8 2026 15 al 15 23,2026-04-30,UNRECONCILED,D33000232,2026-03-15,LIQ TARJETA DEBITO MAESTRO BDV-LIQ TARJETA DEBITO MAESTRO BDV,CREDIT,28444.09,VENEZUELA MERCHANT,01020684710000014766,110108,0006,CD-0017425,VES
P-8 2026 15 al 15 23,2026-04-30,UNRECONCILED,D41200219,2026-03-15,LIQ TARJETA DEBITO MAESTRO BDV-LIQ TARJETA DEBITO MAESTRO BDV,CREDIT,78160.88,VENEZUELA MERCHANT,01020684710000014766,110108,0006,CD-0017425,VES
P-8 2026 15 al 15 23,2026-04-30,UNRECONCILED,M422004,2026-03-15,LIQ MONEDERO PATRIA-LIQ MONEDERO PATRIA,CREDIT,88733.34,VENEZUELA MERCHANT,01020684710000014766,110108,0006,CD-0003677,VES
P-8 2026 15 al 15 23,2026-04-30,UNRECONCILED,M427004,2026-03-15,LIQ MONEDERO PATRIA-LIQ MONEDERO PATRIA,CREDIT,67212.54,VENEZUELA MERCHANT,01020684710000014766,110108,0006,CD-0003677,VES
P-8 2026 15 al 15 23,2026-04-30,UNRECONCILED,D42700082,2026-03-15,LIQ TARJETA DEBITO MAESTRO BDV-LIQ TARJETA DEBITO MAESTRO BDV,CREDIT,33221.34,VENEZUELA MERCHANT,01020684710000014766,110108,0006,CD-0017425,VES
P-8 2026 15 al 15 23,2026-04-30,UNRECONCILED,M428004,2026-03-15,LIQ MONEDERO PATRIA-LIQ MONEDERO PATRIA,CREDIT,84801.59,VENEZUELA MERCHANT,01020684710000014766,110108,0006,CD-0003677,VES
P-8 2026 15 al 15 23,2026-04-30,UNRECONCILED,D42800657,2026-03-15,LIQ TARJETA DEBITO MAESTRO BDV-LIQ TARJETA DEBITO MAESTRO BDV,CREDIT,4677.33,VENEZUELA MERCHANT,01020684710000014766,110108,0006,CD-0017425,VES
P-8 2026 15 al 15 23,2026-04-30,UNRECONCILED,D42800658,2026-03-15,LIQ TARJETA DEBITO MAESTRO BDV-LIQ TARJETA DEBITO MAESTRO BDV,CREDIT,89746.07,VENEZUELA MERCHANT,01020684710000014766,110108,0006,CD-0017425,VES
P-8 2026 15 al 15 23,2026-04-30,UNRECONCILED,D42800655,2026-03-15,LIQ TARJETA DEBITO MAESTRO BDV-LIQ TARJETA DEBITO MAESTRO BDV,CREDIT,28523.53,VENEZUELA MERCHANT,01020684710000014766,110108,0006,CD-0017425,VES
P-8 2026 15 al 15 23,2026-04-30,UNRECONCILED,D42800656,2026-03-15,LIQ TARJETA DEBITO MAESTRO BDV-LIQ TARJETA DEBITO MAESTRO BDV,CREDIT,107420.71,VENEZUELA MERCHANT,01020684710000014766,110108,0006,CD-0017425,VES
P-8 2026 15 al 15 23,2026-04-30,UNRECONCILED,D42800740,2026-03-15,LIQ TARJETA DEBITO MAESTRO BDV-LIQ TARJETA DEBITO MAESTRO BDV,CREDIT,20347.14,VENEZUELA MERCHANT,01020684710000014766,110108,0006,CD-0017425,VES
P-8 2026 15 al 15 23,2026-04-30,UNRECONCILED,D42800741,2026-03-15,LIQ TARJETA DEBITO MAESTRO BDV-LIQ TARJETA DEBITO MAESTRO BDV,CREDIT,134502.7,VENEZUELA MERCHANT,01020684710000014766,110108,0006,CD-0017425,VES
P-8 2026 15 al 15 23,2026-04-30,UNRECONCILED,D42800034,2026-03-15,LIQ TARJETA DEBITO MAESTRO BDV-LIQ TARJETA DEBITO MAESTRO BDV,CREDIT,124612.55,VENEZUELA MERCHANT,01020684710000014766,110108,0006,CD-0017425,VES
P-8 2026 15 al 15 23,2026-04-30,UNRECONCILED,D42800734,2026-03-15,LIQ TARJETA DEBITO MAESTRO BDV-LIQ TARJETA DEBITO MAESTRO BDV,CREDIT,8833.01,VENEZUELA MERCHANT,01020684710000014766,110108,0006,CD-0017425,VES
P-8 2026 15 al 15 23,2026-04-30,UNRECONCILED,D42800735,2026-03-15,LIQ TARJETA DEBITO MAESTRO BDV-LIQ TARJETA DEBITO MAESTRO BDV,CREDIT,113967.4,VENEZUELA MERCHANT,01020684710000014766,110108,0006,CD-0017425,VES
P-8 2026 15 al 15 23,2026-04-30,UNRECONCILED,D42800034,2026-03-15,LIQ TARJETA DEBITO MAESTRO BDV-LIQ TARJETA DEBITO MAESTRO BDV,CREDIT,98501.06,VENEZUELA MERCHANT,01020684710000014766,110108,0006,CD-0017425,VES
P-8 2026 15 al 15 23,2026-04-30,UNRECONCILED,D42800448,2026-03-15,LIQ TARJETA DEBITO MAESTRO BDV-LIQ TARJETA DEBITO MAESTRO BDV,CREDIT,77957.45,VENEZUELA MERCHANT,01020684710000014766,110108,0006,CD-0017425,VES
P-8 2026 15 al 15 23,2026-04-30,UNRECONCILED,D42800739,2026-03-15,LIQ TARJETA DEBITO MAESTRO BDV-LIQ TARJETA DEBITO MAESTRO BDV,CREDIT,125035.0,VENEZUELA MERCHANT,01020684710000014766,110108,0006,CD-0017425,VES
P-8 2026 15 al 15 23,2026-04-30,UNRECONCILED,D42800738,2026-03-15,LIQ TARJETA DEBITO MAESTRO BDV-LIQ TARJETA DEBITO MAESTRO BDV,CREDIT,19692.92,VENEZUELA MERCHANT,01020684710000014766,110108,0006,CD-0017425,VES
P-8 2026 15 al 15 23,2026-04-30,UNRECONCILED,D42800034,2026-03-15,LIQ TARJETA DEBITO MAESTRO BDV-LIQ TARJETA DEBITO MAESTRO BDV,CREDIT,185389.52,VENEZUELA MERCHANT,01020684710000014766,110108,0006,CD-0017425,VES
P-8 2026 15 al 15 23,2026-04-30,UNRECONCILED,D42800525,2026-03-15,LIQ TARJETA DEBITO MAESTRO BDV-LIQ TARJETA DEBITO MAESTRO BDV,CREDIT,21091.18,VENEZUELA MERCHANT,01020684710000014766,110108,0006,CD-0017425,VES
P-8 2026 15 al 15 23,2026-04-30,UNRECONCILED,D42800526,2026-03-15,LIQ TARJETA DEBITO MAESTRO BDV-LIQ TARJETA DEBITO MAESTRO BDV,CREDIT,142885.64,VENEZUELA MERCHANT,01020684710000014766,110108,0006,CD-0017425,VES
P-8 2026 15 al 15 23,2026-04-30,UNRECONCILED,D42800034,2026-03-15,LIQ TARJETA DEBITO MAESTRO BDV-LIQ TARJETA DEBITO MAESTRO BDV,CREDIT,127662.7,VENEZUELA MERCHANT,01020684710000014766,110108,0006,CD-0017425,VES
P-8 2026 15 al 15 23,2026-04-30,UNRECONCILED,D42800651,2026-03-15,LIQ TARJETA DEBITO MAESTRO BDV-LIQ TARJETA DEBITO MAESTRO BDV,CREDIT,3149.99,VENEZUELA MERCHANT,01020684710000014766,110108,0006,CD-0017425,VES
P-8 2026 15 al 15 23,2026-04-30,UNRECONCILED,D42800652,2026-03-15,LIQ TARJETA DEBITO MAESTRO BDV-LIQ TARJETA DEBITO MAESTRO BDV,CREDIT,243610.73,VENEZUELA MERCHANT,01020684710000014766,110108,0006,CD-0017425,VES
P-8 2026 15 al 15 23,2026-04-30,UNRECONCILED,D42800034,2026-03-15,LIQ TARJETA DEBITO MAESTRO BDV-LIQ TARJETA DEBITO MAESTRO BDV,CREDIT,52677.29,VENEZUELA MERCHANT,01020684710000014766,110108,0006,CD-0017425,VES
P-8 2026 15 al 15 23,2026-04-30,UNRECONCILED,D42800561,2026-03-15,LIQ TARJETA DEBITO MAESTRO BDV-LIQ TARJETA DEBITO MAESTRO BDV,CREDIT,10797.51,VENEZUELA MERCHANT,01020684710000014766,110108,0006,CD-0017425,VES
P-8 2026 15 al 15 23,2026-04-30,UNRECONCILED,D42800562,2026-03-15,LIQ TARJETA DEBITO MAESTRO BDV-LIQ TARJETA DEBITO MAESTRO BDV,CREDIT,169573.57,VENEZUELA MERCHANT,01020684710000014766,110108,0006,CD-0017425,VES
P-8 2026 15 al 15 23,2026-04-30,UNRECONCILED,D42800725,2026-03-15,LIQ TARJETA DEBITO MAESTRO BDV-LIQ TARJETA DEBITO MAESTRO BDV,CREDIT,10058.3,VENEZUELA MERCHANT,01020684710000014766,110108,0006,CD-0017425,VES
P-8 2026 15 al 15 23,2026-04-30,UNRECONCILED,D42800726,2026-03-15,LIQ TARJETA DEBITO MAESTRO BDV-LIQ TARJETA DEBITO MAESTRO BDV,CREDIT,226296.9,VENEZUELA MERCHANT,01020684710000014766,110108,0006,CD-0017425,VES
P-8 2026 15 al 15 23,2026-04-30,UNRECONCILED,M483004,2026-03-15,LIQ MONEDERO PATRIA-LIQ MONEDERO PATRIA,CREDIT,30534.05,VENEZUELA MERCHANT,01020684710000014766,110108,0006,CD-0003677,VES
P-8 2026 15 al 15 23,2026-04-30,UNRECONCILED,D48400763,2026-03-15,LIQ TARJETA DEBITO MAESTRO BDV-LIQ TARJETA DEBITO MAESTRO BDV,CREDIT,230535.42,VENEZUELA MERCHANT,01020684710000014766,110108,0006,CD-0017425,VES
P-8 2026 15 al 15 23,2026-04-30,UNRECONCILED,D50400533,2026-03-15,LIQ TARJETA DEBITO MAESTRO BDV-LIQ TARJETA DEBITO MAESTRO BDV,CREDIT,358423.9,VENEZUELA MERCHANT,01020684710000014766,110108,0006,CD-0017425,VES
P-8 2026 15 al 15 23,2026-04-30,UNRECONCILED,D51000224,2026-03-15,LIQ TARJETA DEBITO MAESTRO BDV-LIQ TARJETA DEBITO MAESTRO BDV,CREDIT,47363.4,VENEZUELA MERCHANT,01020684710000014766,110108,0006,CD-0017425,VES
P-8 2026 15 al 15 23,2026-04-30,UNRECONCILED,D51000225,2026-03-15,LIQ TARJETA DEBITO MAESTRO BDV-LIQ TARJETA DEBITO MAESTRO BDV,CREDIT,238666.06,VENEZUELA MERCHANT,01020684710000014766,110108,0006,CD-0017425,VES
P-8 2026 15 al 15 23,2026-04-30,UNRECONCILED,D51000224,2026-03-15,LIQ TARJETA DEBITO MAESTRO BDV-LIQ TARJETA DEBITO MAESTRO BDV,CREDIT,149582.16,VENEZUELA MERCHANT,01020684710000014766,110108,0006,CD-0017425,VES
P-8 2026 15 al 15 23,2026-04-30,UNRECONCILED,D55000708,2026-03-15,LIQ TARJETA DEBITO MAESTRO BDV-LIQ TARJETA DEBITO MAESTRO BDV,CREDIT,113505.11,VENEZUELA MERCHANT,01020684710000014766,110108,0006,CD-0017425,VES
P-8 2026 15 al 15 23,2026-04-30,UNRECONCILED,D59300908,2026-03-15,LIQ TARJETA DEBITO MAESTRO BDV-LIQ TARJETA DEBITO MAESTRO BDV,CREDIT,516611.58,VENEZUELA MERCHANT,01020684710000014766,110108,0006,CD-0017425,VES
P-8 2026 15 al 15 23,2026-04-30,UNRECONCILED,D59300395,2026-03-15,LIQ TARJETA DEBITO MAESTRO BDV-LIQ TARJETA DEBITO MAESTRO BDV,CREDIT,352277.47,VENEZUELA MERCHANT,01020684710000014766,110108,0006,CD-0017425,VES
P-8 2026 15 al 15 23,2026-04-30,UNRECONCILED,M600004,2026-03-15,LIQ MONEDERO PATRIA-LIQ MONEDERO PATRIA,CREDIT,201739.25,VENEZUELA MERCHANT,01020684710000014766,110108,0006,CD-0003677,VES
P-8 2026 15 al 15 23,2026-04-30,UNRECONCILED,D60000192,2026-03-15,LIQ TARJETA DEBITO MAESTRO BDV-LIQ TARJETA DEBITO MAESTRO BDV,CREDIT,334535.84,VENEZUELA MERCHANT,01020684710000014766,110108,0006,CD-0017425,VES
P-8 2026 15 al 15 23,2026-04-30,UNRECONCILED,D60300202,2026-03-15,LIQ TARJETA DEBITO MAESTRO BDV-LIQ TARJETA DEBITO MAESTRO BDV,CREDIT,3757.8,VENEZUELA MERCHANT,01020684710000014766,110108,0006,CD-0017425,VES
P-8 2026 15 al 15 23,2026-04-30,UNRECONCILED,D60300218,2026-03-15,LIQ TARJETA DEBITO MAESTRO BDV-LIQ TARJETA DEBITO MAESTRO BDV,CREDIT,27274.36,VENEZUELA MERCHANT,01020684710000014766,110108,0006,CD-0017425,VES
P-8 2026 15 al 15 23,2026-04-30,UNRECONCILED,D60600219,2026-03-15,LIQ TARJETA DEBITO MAESTRO BDV-LIQ TARJETA DEBITO MAESTRO BDV,CREDIT,154141.95,VENEZUELA MERCHANT,01020684710000014766,110108,0006,CD-0017425,VES
P-8 2026 15 al 15 23,2026-04-30,UNRECONCILED,D66600207,2026-03-15,LIQ TARJETA DEBITO MAESTRO BDV-LIQ TARJETA DEBITO MAESTRO BDV,CREDIT,25320.63,VENEZUELA MERCHANT,01020684710000014766,110108,0006,CD-0017425,VES
P-8 2026 15 al 15 23,2026-04-30,UNRECONCILED,D66900039,2026-03-15,LIQ TARJETA DEBITO MAESTRO BDV-LIQ TARJETA DEBITO MAESTRO BDV,CREDIT,55297.03,VENEZUELA MERCHANT,01020684710000014766,110108,0006,CD-0017425,VES
P-8 2026 15 al 15 23,2026-04-30,UNRECONCILED,D66900049,2026-03-15,LIQ TARJETA DEBITO MAESTRO BDV-LIQ TARJETA DEBITO MAESTRO BDV,CREDIT,30526.91,VENEZUELA MERCHANT,01020684710000014766,110108,0006,CD-0017425,VES
P-8 2026 15 al 15 23,2026-04-30,UNRECONCILED,D67000403,2026-03-15,LIQ TARJETA DEBITO MAESTRO BDV-LIQ TARJETA DEBITO MAESTRO BDV,CREDIT,9221.86,VENEZUELA MERCHANT,01020684710000014766,110108,0006,CD-0017425,VES
P-8 2026 15 al 15 23,2026-04-30,UNRECONCILED,D67100053,2026-03-15,LIQ TARJETA DEBITO MAESTRO BDV-LIQ TARJETA DEBITO MAESTRO BDV,CREDIT,4336.61,VENEZUELA MERCHANT,01020684710000014766,110108,0006,CD-0017425,VES
P-8 2026 15 al 15 23,2026-04-30,UNRECONCILED,D67100054,2026-03-15,LIQ TARJETA DEBITO MAESTRO BDV-LIQ TARJETA DEBITO MAESTRO BDV,CREDIT,63115.42,VENEZUELA MERCHANT,01020684710000014766,110108,0006,CD-0017425,VES
P-8 2026 15 al 15 23,2026-04-30,UNRECONCILED,D67100054,2026-03-15,LIQ TARJETA DEBITO MAESTRO BDV-LIQ TARJETA DEBITO MAESTRO BDV,CREDIT,20535.11,VENEZUELA MERCHANT,01020684710000014766,110108,0006,CD-0017425,VES
P-8 2026 15 al 15 23,2026-04-30,UNRECONCILED,M675004,2026-03-15,LIQ MONEDERO PATRIA-LIQ MONEDERO PATRIA,CREDIT,74637.93,VENEZUELA MERCHANT,01020684710000014766,110108,0006,CD-0003677,VES
P-8 2026 15 al 15 23,2026-04-30,UNRECONCILED,M682004,2026-03-15,LIQ MONEDERO PATRIA-LIQ MONEDERO PATRIA,CREDIT,49753.82,VENEZUELA MERCHANT,01020684710000014766,110108,0006,CD-0003677,VES
P-8 2026 15 al 15 23,2026-04-30,UNRECONCILED,D68200165,2026-03-15,LIQ TARJETA DEBITO MAESTRO BDV-LIQ TARJETA DEBITO MAESTRO BDV,CREDIT,194489.65,VENEZUELA MERCHANT,01020684710000014766,110108,0006,CD-0017425,VES
P-8 2026 15 al 15 23,2026-04-30,UNRECONCILED,D68200752,2026-03-15,LIQ TARJETA DEBITO MAESTRO BDV-LIQ TARJETA DEBITO MAESTRO BDV,CREDIT,4072.97,VENEZUELA MERCHANT,01020684710000014766,110108,0006,CD-0017425,VES
P-8 2026 15 al 15 23,2026-04-30,UNRECONCILED,D69400665,2026-03-15,LIQ TARJETA DEBITO MAESTRO BDV-LIQ TARJETA DEBITO MAESTRO BDV,CREDIT,15186.98,VENEZUELA MERCHANT,01020684710000014766,110108,0006,CD-0017425,VES
P-8 2026 15 al 15 23,2026-04-30,UNRECONCILED,BD4830014,2026-03-15,LIQUIDACION TDD BIOPAGOBDV-LIQUIDACION TDD BIOPAGOBDV,CREDIT,1831986.45,VENEZUELA MERCHANT,01020684710000014766,110108,0006,CD-0017403,VES
P-8 2026 15 al 15 23,2026-04-30,UNRECONCILED,BD1820014,2026-03-15,LIQUIDACION TDD BIOPAGOBDV-LIQUIDACION TDD BIOPAGOBDV,CREDIT,1661057.63,VENEZUELA MERCHANT,01020684710000014766,110108,0006,CD-0017403,VES
P-8 2026 15 al 15 23,2026-04-30,UNRECONCILED,BD4120014,2026-03-15,LIQUIDACION TDD BIOPAGOBDV-LIQUIDACION TDD BIOPAGOBDV,CREDIT,3479558.02,VENEZUELA MERCHANT,01020684710000014766,110108,0006,CD-0017403,VES
P-8 2026 15 al 15 23,2026-04-30,UNRECONCILED,BD4270014,2026-03-15,LIQUIDACION TDD BIOPAGOBDV-LIQUIDACION TDD BIOPAGOBDV,CREDIT,3687448.26,VENEZUELA MERCHANT,01020684710000014766,110108,0006,CD-0017403,VES
P-8 2026 15 al 15 23,2026-04-30,UNRECONCILED,BC6700014,2026-03-15,LIQUIDACION TDC BIOPAGOBDV-LIQUIDACION TDC BIOPAGOBDV,CREDIT,13799.65,VENEZUELA MERCHANT,01020684710000014766,110108,0006,CD-0017402,VES
P-8 2026 15 al 15 23,2026-04-30,UNRECONCILED,BD1190014,2026-03-15,LIQUIDACION TDD BIOPAGOBDV-LIQUIDACION TDD BIOPAGOBDV,CREDIT,2350138.39,VENEZUELA MERCHANT,01020684710000014766,110108,0006,CD-0017403,VES
P-8 2026 15 al 15 23,2026-04-30,UNRECONCILED,BC1870014,2026-03-15,LIQUIDACION TDC BIOPAGOBDV-LIQUIDACION TDC BIOPAGOBDV,CREDIT,20103.64,VENEZUELA MERCHANT,01020684710000014766,110108,0006,CD-0017402,VES
P-8 2026 15 al 15 23,2026-04-30,UNRECONCILED,BC4120014,2026-03-15,LIQUIDACION TDC BIOPAGOBDV-LIQUIDACION TDC BIOPAGOBDV,CREDIT,6990.07,VENEZUELA MERCHANT,01020684710000014766,110108,0006,CD-0017402,VES
P-8 2026 15 al 15 23,2026-04-30,UNRECONCILED,BD6700014,2026-03-15,LIQUIDACION TDD BIOPAGOBDV-LIQUIDACION TDD BIOPAGOBDV,CREDIT,4188914.9,VENEZUELA MERCHANT,01020684710000014766,110108,0006,CD-0017403,VES
P-8 2026 15 al 15 23,2026-04-30,UNRECONCILED,BD6750014,2026-03-15,LIQUIDACION TDD BIOPAGOBDV-LIQUIDACION TDD BIOPAGOBDV,CREDIT,4311628.6,VENEZUELA MERCHANT,01020684710000014766,110108,0006,CD-0017403,VES
P-8 2026 15 al 15 23,2026-04-30,UNRECONCILED,BD1370014,2026-03-15,LIQUIDACION TDD BIOPAGOBDV-LIQUIDACION TDD BIOPAGOBDV,CREDIT,1771431.56,VENEZUELA MERCHANT,01020684710000014766,110108,0006,CD-0017403,VES
P-8 2026 15 al 15 23,2026-04-30,UNRECONCILED,BC1370014,2026-03-15,LIQUIDACION TDC BIOPAGOBDV-LIQUIDACION TDC BIOPAGOBDV,CREDIT,5859.54,VENEZUELA MERCHANT,01020684710000014766,110108,0006,CD-0017402,VES
P-8 2026 15 al 15 23,2026-04-30,UNRECONCILED,BD6660014,2026-03-15,LIQUIDACION TDD BIOPAGOBDV-LIQUIDACION TDD BIOPAGOBDV,CREDIT,3628214.74,VENEZUELA MERCHANT,01020684710000014766,110108,0006,CD-0017403,VES
P-8 2026 15 al 15 23,2026-04-30,UNRECONCILED,BD3230014,2026-03-15,LIQUIDACION TDD BIOPAGOBDV-LIQUIDACION TDD BIOPAGOBDV,CREDIT,4427200.03,VENEZUELA MERCHANT,01020684710000014766,110108,0006,CD-0017403,VES
P-8 2026 15 al 15 23,2026-04-30,UNRECONCILED,BC5100014,2026-03-15,LIQUIDACION TDC BIOPAGOBDV-LIQUIDACION TDC BIOPAGOBDV,CREDIT,34428.89,VENEZUELA MERCHANT,01020684710000014766,110108,0006,CD-0017402,VES
P-8 2026 15 al 15 23,2026-04-30,UNRECONCILED,BD1250014,2026-03-15,LIQUIDACION TDD BIOPAGOBDV-LIQUIDACION TDD BIOPAGOBDV,CREDIT,1619896.18,VENEZUELA MERCHANT,01020684710000014766,110108,0006,CD-0017403,VES
P-8 2026 15 al 15 23,2026-04-30,UNRECONCILED,BD4280014,2026-03-15,LIQUIDACION TDD BIOPAGOBDV-LIQUIDACION TDD BIOPAGOBDV,CREDIT,5134285.75,VENEZUELA MERCHANT,01020684710000014766,110108,0006,CD-0017403,VES
P-8 2026 15 al 15 23,2026-04-30,UNRECONCILED,BD6820014,2026-03-15,LIQUIDACION TDD BIOPAGOBDV-LIQUIDACION TDD BIOPAGOBDV,CREDIT,2599336.31,VENEZUELA MERCHANT,01020684710000014766,110108,0006,CD-0017403,VES
P-8 2026 15 al 15 23,2026-04-30,UNRECONCILED,BD1870014,2026-03-15,LIQUIDACION TDD BIOPAGOBDV-LIQUIDACION TDD BIOPAGOBDV,CREDIT,2256447.58,VENEZUELA MERCHANT,01020684710000014766,110108,0006,CD-0017403,VES
P-8 2026 15 al 15 23,2026-04-30,UNRECONCILED,BD2100014,2026-03-15,LIQUIDACION TDD BIOPAGOBDV-LIQUIDACION TDD BIOPAGOBDV,CREDIT,2154890.14,VENEZUELA MERCHANT,01020684710000014766,110108,0006,CD-0017403,VES
P-8 2026 15 al 15 23,2026-04-30,UNRECONCILED,BD6000014,2026-03-15,LIQUIDACION TDD BIOPAGOBDV-LIQUIDACION TDD BIOPAGOBDV,CREDIT,3598224.75,VENEZUELA MERCHANT,01020684710000014766,110108,0006,CD-0017403,VES
P-8 2026 15 al 15 23,2026-04-30,UNRECONCILED,BD3070014,2026-03-15,LIQUIDACION TDD BIOPAGOBDV-LIQUIDACION TDD BIOPAGOBDV,CREDIT,4439671.66,VENEZUELA MERCHANT,01020684710000014766,110108,0006,CD-0017403,VES
P-8 2026 15 al 15 23,2026-04-30,UNRECONCILED,BD3140014,2026-03-15,LIQUIDACION TDD BIOPAGOBDV-LIQUIDACION TDD BIOPAGOBDV,CREDIT,2258812.12,VENEZUELA MERCHANT,01020684710000014766,110108,0006,CD-0017403,VES
P-8 2026 15 al 15 23,2026-04-30,UNRECONCILED,BC4270014,2026-03-15,LIQUIDACION TDC BIOPAGOBDV-LIQUIDACION TDC BIOPAGOBDV,CREDIT,6250.31,VENEZUELA MERCHANT,01020684710000014766,110108,0006,CD-0017402,VES
P-8 2026 15 al 15 23,2026-04-30,UNRECONCILED,BC2100014,2026-03-15,LIQUIDACION TDC BIOPAGOBDV-LIQUIDACION TDC BIOPAGOBDV,CREDIT,14781.48,VENEZUELA MERCHANT,01020684710000014766,110108,0006,CD-0017402,VES
P-8 2026 15 al 15 23,2026-04-30,UNRECONCILED,BC4220014,2026-03-15,LIQUIDACION TDC BIOPAGOBDV-LIQUIDACION TDC BIOPAGOBDV,CREDIT,25286.07,VENEZUELA MERCHANT,01020684710000014766,110108,0006,CD-0017402,VES
P-8 2026 17 al 17 37,2026-04-30,UNRECONCILED,D10800731,2026-03-17,LIQ TARJETA DEBITO MAESTRO BDV-LIQ TARJETA DEBITO MAESTRO BDV,CREDIT,81027.81,VENEZUELA MERCHANT,01020684710000014766,110108,0006,CD-0017425,VES
P-8 2026 17 al 17 37,2026-04-30,UNRECONCILED,D12600197,2026-03-17,LIQ TARJETA DEBITO MAESTRO BDV-LIQ TARJETA DEBITO MAESTRO BDV,CREDIT,2498.34,VENEZUELA MERCHANT,01020684710000014766,110108,0006,CD-0017425,VES
P-8 2026 17 al 17 37,2026-04-30,UNRECONCILED,D12600228,2026-03-17,LIQ TARJETA DEBITO MAESTRO BDV-LIQ TARJETA DEBITO MAESTRO BDV,CREDIT,71362.48,VENEZUELA MERCHANT,01020684710000014766,110108,0006,CD-0017425,VES
P-8 2026 17 al 17 37,2026-04-30,UNRECONCILED,C12600102,2026-03-17,LIQUIDACION T CREDITO VS MC BD-LIQUIDACION T CREDITO VS MC BD,CREDIT,12909.82,VENEZUELA MERCHANT,01020684710000014766,110108,0006,CD-0017430,VES
P-8 2026 17 al 17 37,2026-04-30,UNRECONCILED,D12600227,2026-03-17,LIQ TARJETA DEBITO MAESTRO BDV-LIQ TARJETA DEBITO MAESTRO BDV,CREDIT,20082.92,VENEZUELA MERCHANT,01020684710000014766,110108,0006,CD-0017425,VES
P-8 2026 17 al 17 37,2026-04-30,UNRECONCILED,D12600102,2026-03-17,LIQ TARJETA DEBITO MAESTRO BDV-LIQ TARJETA DEBITO MAESTRO BDV,CREDIT,2342.31,VENEZUELA MERCHANT,01020684710000014766,110108,0006,CD-0017425,VES
P-8 2026 17 al 17 37,2026-04-30,UNRECONCILED,M137006,2026-03-17,LIQ MONEDERO PATRIA-LIQ MONEDERO PATRIA,CREDIT,26776.53,VENEZUELA MERCHANT,01020684710000014766,110108,0006,CD-0003677,VES
P-8 2026 17 al 17 37,2026-04-30,UNRECONCILED,D13700015,2026-03-17,LIQ TARJETA DEBITO MAESTRO BDV-LIQ TARJETA DEBITO MAESTRO BDV,CREDIT,178708.69,VENEZUELA MERCHANT,01020684710000014766,110108,0006,CD-0017425,VES
P-8 2026 17 al 17 37,2026-04-30,UNRECONCILED,D13800165,2026-03-17,LIQ TARJETA DEBITO MAESTRO BDV-LIQ TARJETA DEBITO MAESTRO BDV,CREDIT,43913.69,VENEZUELA MERCHANT,01020684710000014766,110108,0006,CD-0017425,VES
P-8 2026 17 al 17 37,2026-04-30,UNRECONCILED,D13900365,2026-03-17,LIQ TARJETA DEBITO MAESTRO BDV-LIQ TARJETA DEBITO MAESTRO BDV,CREDIT,5712.16,VENEZUELA MERCHANT,01020684710000014766,110108,0006,CD-0017425,VES
P-8 2026 17 al 17 37,2026-04-30,UNRECONCILED,D14700412,2026-03-17,LIQ TARJETA DEBITO MAESTRO BDV-LIQ TARJETA DEBITO MAESTRO BDV,CREDIT,3594.47,VENEZUELA MERCHANT,01020684710000014766,110108,0006,CD-0017425,VES
P-8 2026 17 al 17 37,2026-04-30,UNRECONCILED,M153006,2026-03-17,LIQ MONEDERO PATRIA-LIQ MONEDERO PATRIA,CREDIT,8512.81,VENEZUELA MERCHANT,01020684710000014766,110108,0006,CD-0003677,VES
P-8 2026 17 al 17 37,2026-04-30,UNRECONCILED,D15300309,2026-03-17,LIQ TARJETA DEBITO MAESTRO BDV-LIQ TARJETA DEBITO MAESTRO BDV,CREDIT,28329.78,VENEZUELA MERCHANT,01020684710000014766,110108,0006,CD-0017425,VES
P-8 2026 17 al 17 37,2026-04-30,UNRECONCILED,D15800926,2026-03-17,LIQ TARJETA DEBITO MAESTRO BDV-LIQ TARJETA DEBITO MAESTRO BDV,CREDIT,166401.41,VENEZUELA MERCHANT,01020684710000014766,110108,0006,CD-0017425,VES
P-8 2026 17 al 17 37,2026-04-30,UNRECONCILED,D15800414,2026-03-17,LIQ TARJETA DEBITO MAESTRO BDV-LIQ TARJETA DEBITO MAESTRO BDV,CREDIT,185470.88,VENEZUELA MERCHANT,01020684710000014766,110108,0006,CD-0017425,VES
P-8 2026 17 al 17 37,2026-04-30,UNRECONCILED,C16100037,2026-03-17,LIQUIDACION T CREDITO VS MC BD-LIQUIDACION T CREDITO VS MC BD,CREDIT,46550.97,VENEZUELA MERCHANT,01020684710000014766,110108,0006,CD-0017430,VES
P-8 2026 17 al 17 37,2026-04-30,UNRECONCILED,D16100037,2026-03-17,LIQ TARJETA DEBITO MAESTRO BDV-LIQ TARJETA DEBITO MAESTRO BDV,CREDIT,34174.58,VENEZUELA MERCHANT,01020684710000014766,110108,0006,CD-0017425,VES
P-8 2026 17 al 17 37,2026-04-30,UNRECONCILED,D16400120,2026-03-17,LIQ TARJETA DEBITO MAESTRO BDV-LIQ TARJETA DEBITO MAESTRO BDV,CREDIT,42529.05,VENEZUELA MERCHANT,01020684710000014766,110108,0006,CD-0017425,VES
P-8 2026 17 al 17 37,2026-04-30,UNRECONCILED,D16500233,2026-03-17,LIQ TARJETA DEBITO MAESTRO BDV-LIQ TARJETA DEBITO MAESTRO BDV,CREDIT,59067.5,VENEZUELA MERCHANT,01020684710000014766,110108,0006,CD-0017425,VES
P-8 2026 17 al 17 37,2026-04-30,UNRECONCILED,D16700726,2026-03-17,LIQ TARJETA DEBITO MAESTRO BDV-LIQ TARJETA DEBITO MAESTRO BDV,CREDIT,15548.22,VENEZUELA MERCHANT,01020684710000014766,110108,0006,CD-0017425,VES
P-8 2026 17 al 17 37,2026-04-30,UNRECONCILED,D18900591,2026-03-17,LIQ TARJETA DEBITO MAESTRO BDV-LIQ TARJETA DEBITO MAESTRO BDV,CREDIT,15282.27,VENEZUELA MERCHANT,01020684710000014766,110108,0006,CD-0017425,VES
P-8 2026 17 al 17 37,2026-04-30,UNRECONCILED,M192006,2026-03-17,LIQ MONEDERO PATRIA-LIQ MONEDERO PATRIA,CREDIT,4888.78,VENEZUELA MERCHANT,01020684710000014766,110108,0006,CD-0003677,VES
P-8 2026 17 al 17 37,2026-04-30,UNRECONCILED,D19400093,2026-03-17,LIQ TARJETA DEBITO MAESTRO BDV-LIQ TARJETA DEBITO MAESTRO BDV,CREDIT,26701.18,VENEZUELA MERCHANT,01020684710000014766,110108,0006,CD-0017425,VES
P-8 2026 17 al 17 37,2026-04-30,UNRECONCILED,D19900724,2026-03-17,LIQ TARJETA DEBITO MAESTRO BDV-LIQ TARJETA DEBITO MAESTRO BDV,CREDIT,9423.34,VENEZUELA MERCHANT,01020684710000014766,110108,0006,CD-0017425,VES
P-8 2026 17 al 17 37,2026-04-30,UNRECONCILED,D26700035,2026-03-17,LIQ TARJETA DEBITO MAESTRO BDV-LIQ TARJETA DEBITO MAESTRO BDV,CREDIT,109945.96,VENEZUELA MERCHANT,01020684710000014766,110108,0006,CD-0017425,VES
P-8 2026 17 al 17 37,2026-04-30,UNRECONCILED,D27500192,2026-03-17,LIQ TARJETA DEBITO MAESTRO BDV-LIQ TARJETA DEBITO MAESTRO BDV,CREDIT,213149.66,VENEZUELA MERCHANT,01020684710000014766,110108,0006,CD-0017425,VES
P-8 2026 17 al 17 37,2026-04-30,UNRECONCILED,D27500858,2026-03-17,LIQ TARJETA DEBITO MAESTRO BDV-LIQ TARJETA DEBITO MAESTRO BDV,CREDIT,20759.94,VENEZUELA MERCHANT,01020684710000014766,110108,0006,CD-0017425,VES
P-8 2026 17 al 17 37,2026-04-30,UNRECONCILED,D28400533,2026-03-17,LIQ TARJETA DEBITO MAESTRO BDV-LIQ TARJETA DEBITO MAESTRO BDV,CREDIT,7964.99,VENEZUELA MERCHANT,01020684710000014766,110108,0006,CD-0017425,VES
P-8 2026 17 al 17 37,2026-04-30,UNRECONCILED,D29800400,2026-03-17,LIQ TARJETA DEBITO MAESTRO BDV-LIQ TARJETA DEBITO MAESTRO BDV,CREDIT,21881.3,VENEZUELA MERCHANT,01020684710000014766,110108,0006,CD-0017425,VES
P-8 2026 17 al 17 37,2026-04-30,UNRECONCILED,D29800401,2026-03-17,LIQ TARJETA DEBITO MAESTRO BDV-LIQ TARJETA DEBITO MAESTRO BDV,CREDIT,196367.62,VENEZUELA MERCHANT,01020684710000014766,110108,0006,CD-0017425,VES
P-8 2026 17 al 17 37,2026-04-30,UNRECONCILED,D30400508,2026-03-17,LIQ TARJETA DEBITO MAESTRO BDV-LIQ TARJETA DEBITO MAESTRO BDV,CREDIT,97333.0,VENEZUELA MERCHANT,01020684710000014766,110108,0006,CD-0017425,VES
P-8 2026 17 al 17 37,2026-04-30,UNRECONCILED,D30400508,2026-03-17,LIQ TARJETA DEBITO MAESTRO BDV-LIQ TARJETA DEBITO MAESTRO BDV,CREDIT,13182.92,VENEZUELA MERCHANT,01020684710000014766,110108,0006,CD-0017425,VES
P-8 2026 17 al 17 37,2026-04-30,UNRECONCILED,D30400509,2026-03-17,LIQ TARJETA DEBITO MAESTRO BDV-LIQ TARJETA DEBITO MAESTRO BDV,CREDIT,91122.46,VENEZUELA MERCHANT,01020684710000014766,110108,0006,CD-0017425,VES
P-8 2026 17 al 17 37,2026-04-30,UNRECONCILED,D30400508,2026-03-17,LIQ TARJETA DEBITO MAESTRO BDV-LIQ TARJETA DEBITO MAESTRO BDV,CREDIT,68811.44,VENEZUELA MERCHANT,01020684710000014766,110108,0006,CD-0017425,VES
P-8 2026 17 al 17 37,2026-04-30,UNRECONCILED,D30400509,2026-03-17,LIQ TARJETA DEBITO MAESTRO BDV-LIQ TARJETA DEBITO MAESTRO BDV,CREDIT,105845.76,VENEZUELA MERCHANT,01020684710000014766,110108,0006,CD-0017425,VES
P-8 2026 17 al 17 37,2026-04-30,UNRECONCILED,M307006,2026-03-17,LIQ MONEDERO PATRIA-LIQ MONEDERO PATRIA,CREDIT,38110.8,VENEZUELA MERCHANT,01020684710000014766,110108,0006,CD-0003677,VES
P-8 2026 17 al 17 37,2026-04-30,UNRECONCILED,D30700040,2026-03-17,LIQ TARJETA DEBITO MAESTRO BDV-LIQ TARJETA DEBITO MAESTRO BDV,CREDIT,18281.76,VENEZUELA MERCHANT,01020684710000014766,110108,0006,CD-0017425,VES
P-8 2026 17 al 17 37,2026-04-30,UNRECONCILED,D30700025,2026-03-17,LIQ TARJETA DEBITO MAESTRO BDV-LIQ TARJETA DEBITO MAESTRO BDV,CREDIT,17001.46,VENEZUELA MERCHANT,01020684710000014766,110108,0006,CD-0017425,VES
P-8 2026 17 al 17 37,2026-04-30,UNRECONCILED,D30700040,2026-03-17,LIQ TARJETA DEBITO MAESTRO BDV-LIQ TARJETA DEBITO MAESTRO BDV,CREDIT,46104.43,VENEZUELA MERCHANT,01020684710000014766,110108,0006,CD-0017425,VES
P-8 2026 17 al 17 37,2026-04-30,UNRECONCILED,D30700040,2026-03-17,LIQ TARJETA DEBITO MAESTRO BDV-LIQ TARJETA DEBITO MAESTRO BDV,CREDIT,78087.0,VENEZUELA MERCHANT,01020684710000014766,110108,0006,CD-0017425,VES
P-8 2026 17 al 17 37,2026-04-30,UNRECONCILED,D32000286,2026-03-17,LIQ TARJETA DEBITO MAESTRO BDV-LIQ TARJETA DEBITO MAESTRO BDV,CREDIT,8175.76,VENEZUELA MERCHANT,01020684710000014766,110108,0006,CD-0017425,VES
P-8 2026 17 al 17 37,2026-04-30,UNRECONCILED,D32200754,2026-03-17,LIQ TARJETA DEBITO MAESTRO BDV-LIQ TARJETA DEBITO MAESTRO BDV,CREDIT,18935.76,VENEZUELA MERCHANT,01020684710000014766,110108,0006,CD-0017425,VES
P-8 2026 17 al 17 37,2026-04-30,UNRECONCILED,D33000222,2026-03-17,LIQ TARJETA DEBITO MAESTRO BDV-LIQ TARJETA DEBITO MAESTRO BDV,CREDIT,15956.95,VENEZUELA MERCHANT,01020684710000014766,110108,0006,CD-0017425,VES
P-8 2026 17 al 17 37,2026-04-30,UNRECONCILED,D33000232,2026-03-17,LIQ TARJETA DEBITO MAESTRO BDV-LIQ TARJETA DEBITO MAESTRO BDV,CREDIT,29412.21,VENEZUELA MERCHANT,01020684710000014766,110108,0006,CD-0017425,VES
P-8 2026 17 al 17 37,2026-04-30,UNRECONCILED,D40000734,2026-03-17,LIQ TARJETA DEBITO MAESTRO BDV-LIQ TARJETA DEBITO MAESTRO BDV,CREDIT,193764.06,VENEZUELA MERCHANT,01020684710000014766,110108,0006,CD-0017425,VES
P-8 2026 17 al 17 37,2026-04-30,UNRECONCILED,D40000022,2026-03-17,LIQ TARJETA DEBITO MAESTRO BDV-LIQ TARJETA DEBITO MAESTRO BDV,CREDIT,102109.59,VENEZUELA MERCHANT,01020684710000014766,110108,0006,CD-0017425,VES
P-8 2026 17 al 17 37,2026-04-30,UNRECONCILED,D41200027,2026-03-17,LIQ TARJETA DEBITO MAESTRO BDV-LIQ TARJETA DEBITO MAESTRO BDV,CREDIT,40463.11,VENEZUELA MERCHANT,01020684710000014766,110108,0006,CD-0017425,VES
P-8 2026 17 al 17 37,2026-04-30,UNRECONCILED,D41200867,2026-03-17,LIQ TARJETA DEBITO MAESTRO BDV-LIQ TARJETA DEBITO MAESTRO BDV,CREDIT,23361.46,VENEZUELA MERCHANT,01020684710000014766,110108,0006,CD-0017425,VES
P-8 2026 17 al 17 37,2026-04-30,UNRECONCILED,D42300310,2026-03-17,LIQ TARJETA DEBITO MAESTRO BDV-LIQ TARJETA DEBITO MAESTRO BDV,CREDIT,3689.9,VENEZUELA MERCHANT,01020684710000014766,110108,0006,CD-0017425,VES
P-8 2026 17 al 17 37,2026-04-30,UNRECONCILED,D42300777,2026-03-17,LIQ TARJETA DEBITO MAESTRO BDV-LIQ TARJETA DEBITO MAESTRO BDV,CREDIT,9924.88,VENEZUELA MERCHANT,01020684710000014766,110108,0006,CD-0017425,VES
P-8 2026 17 al 17 37,2026-04-30,UNRECONCILED,D42400874,2026-03-17,LIQ TARJETA DEBITO MAESTRO BDV-LIQ TARJETA DEBITO MAESTRO BDV,CREDIT,3940.9,VENEZUELA MERCHANT,01020684710000014766,110108,0006,CD-0017425,VES
P-8 2026 17 al 17 37,2026-04-30,UNRECONCILED,D42700006,2026-03-17,LIQ TARJETA DEBITO MAESTRO BDV-LIQ TARJETA DEBITO MAESTRO BDV,CREDIT,7565.26,VENEZUELA MERCHANT,01020684710000014766,110108,0006,CD-0017425,VES
P-8 2026 17 al 17 37,2026-04-30,UNRECONCILED,D42700084,2026-03-17,LIQ TARJETA DEBITO MAESTRO BDV-LIQ TARJETA DEBITO MAESTRO BDV,CREDIT,30908.2,VENEZUELA MERCHANT,01020684710000014766,110108,0006,CD-0017425,VES
P-8 2026 17 al 17 37,2026-04-30,UNRECONCILED,M428006,2026-03-17,LIQ MONEDERO PATRIA-LIQ MONEDERO PATRIA,CREDIT,27752.4,VENEZUELA MERCHANT,01020684710000014766,110108,0006,CD-0003677,VES
P-8 2026 17 al 17 37,2026-04-30,UNRECONCILED,D42800659,2026-03-17,LIQ TARJETA DEBITO MAESTRO BDV-LIQ TARJETA DEBITO MAESTRO BDV,CREDIT,10731.72,VENEZUELA MERCHANT,01020684710000014766,110108,0006,CD-0017425,VES
P-8 2026 17 al 17 37,2026-04-30,UNRECONCILED,D42800660,2026-03-17,LIQ TARJETA DEBITO MAESTRO BDV-LIQ TARJETA DEBITO MAESTRO BDV,CREDIT,58114.6,VENEZUELA MERCHANT,01020684710000014766,110108,0006,CD-0017425,VES
P-8 2026 17 al 17 37,2026-04-30,UNRECONCILED,D42800034,2026-03-17,LIQ TARJETA DEBITO MAESTRO BDV-LIQ TARJETA DEBITO MAESTRO BDV,CREDIT,434.5,VENEZUELA MERCHANT,01020684710000014766,110108,0006,CD-0017425,VES
P-8 2026 17 al 17 37,2026-04-30,UNRECONCILED,D42800035,2026-03-17,LIQ TARJETA DEBITO MAESTRO BDV-LIQ TARJETA DEBITO MAESTRO BDV,CREDIT,52513.86,VENEZUELA MERCHANT,01020684710000014766,110108,0006,CD-0017425,VES
P-8 2026 17 al 17 37,2026-04-30,UNRECONCILED,D42800657,2026-03-17,LIQ TARJETA DEBITO MAESTRO BDV-LIQ TARJETA DEBITO MAESTRO BDV,CREDIT,6799.26,VENEZUELA MERCHANT,01020684710000014766,110108,0006,CD-0017425,VES
P-8 2026 17 al 17 37,2026-04-30,UNRECONCILED,D42800658,2026-03-17,LIQ TARJETA DEBITO MAESTRO BDV-LIQ TARJETA DEBITO MAESTRO BDV,CREDIT,33364.31,VENEZUELA MERCHANT,01020684710000014766,110108,0006,CD-0017425,VES
P-8 2026 17 al 17 37,2026-04-30,UNRECONCILED,D42800034,2026-03-17,LIQ TARJETA DEBITO MAESTRO BDV-LIQ TARJETA DEBITO MAESTRO BDV,CREDIT,30654.11,VENEZUELA MERCHANT,01020684710000014766,110108,0006,CD-0017425,VES
P-8 2026 17 al 17 37,2026-04-30,UNRECONCILED,D42800035,2026-03-17,LIQ TARJETA DEBITO MAESTRO BDV-LIQ TARJETA DEBITO MAESTRO BDV,CREDIT,62280.11,VENEZUELA MERCHANT,01020684710000014766,110108,0006,CD-0017425,VES
P-8 2026 17 al 17 37,2026-04-30,UNRECONCILED,D42800742,2026-03-17,LIQ TARJETA DEBITO MAESTRO BDV-LIQ TARJETA DEBITO MAESTRO BDV,CREDIT,38131.6,VENEZUELA MERCHANT,01020684710000014766,110108,0006,CD-0017425,VES
P-8 2026 17 al 17 37,2026-04-30,UNRECONCILED,D42800743,2026-03-17,LIQ TARJETA DEBITO MAESTRO BDV-LIQ TARJETA DEBITO MAESTRO BDV,CREDIT,100220.54,VENEZUELA MERCHANT,01020684710000014766,110108,0006,CD-0017425,VES
P-8 2026 17 al 17 37,2026-04-30,UNRECONCILED,D42800035,2026-03-17,LIQ TARJETA DEBITO MAESTRO BDV-LIQ TARJETA DEBITO MAESTRO BDV,CREDIT,16621.29,VENEZUELA MERCHANT,01020684710000014766,110108,0006,CD-0017425,VES
P-8 2026 17 al 17 37,2026-04-30,UNRECONCILED,D42800736,2026-03-17,LIQ TARJETA DEBITO MAESTRO BDV-LIQ TARJETA DEBITO MAESTRO BDV,CREDIT,1655.37,VENEZUELA MERCHANT,01020684710000014766,110108,0006,CD-0017425,VES
P-8 2026 17 al 17 37,2026-04-30,UNRECONCILED,D42800737,2026-03-17,LIQ TARJETA DEBITO MAESTRO BDV-LIQ TARJETA DEBITO MAESTRO BDV,CREDIT,170265.81,VENEZUELA MERCHANT,01020684710000014766,110108,0006,CD-0017425,VES
P-8 2026 17 al 17 37,2026-04-30,UNRECONCILED,D42800035,2026-03-17,LIQ TARJETA DEBITO MAESTRO BDV-LIQ TARJETA DEBITO MAESTRO BDV,CREDIT,39503.66,VENEZUELA MERCHANT,01020684710000014766,110108,0006,CD-0017425,VES
P-8 2026 17 al 17 37,2026-04-30,UNRECONCILED,D42800450,2026-03-17,LIQ TARJETA DEBITO MAESTRO BDV-LIQ TARJETA DEBITO MAESTRO BDV,CREDIT,46968.19,VENEZUELA MERCHANT,01020684710000014766,110108,0006,CD-0017425,VES
P-8 2026 17 al 17 37,2026-04-30,UNRECONCILED,D42800034,2026-03-17,LIQ TARJETA DEBITO MAESTRO BDV-LIQ TARJETA DEBITO MAESTRO BDV,CREDIT,2361.85,VENEZUELA MERCHANT,01020684710000014766,110108,0006,CD-0017425,VES
P-8 2026 17 al 17 37,2026-04-30,UNRECONCILED,D42800035,2026-03-17,LIQ TARJETA DEBITO MAESTRO BDV-LIQ TARJETA DEBITO MAESTRO BDV,CREDIT,102845.42,VENEZUELA MERCHANT,01020684710000014766,110108,0006,CD-0017425,VES
P-8 2026 17 al 17 37,2026-04-30,UNRECONCILED,D42800740,2026-03-17,LIQ TARJETA DEBITO MAESTRO BDV-LIQ TARJETA DEBITO MAESTRO BDV,CREDIT,7274.42,VENEZUELA MERCHANT,01020684710000014766,110108,0006,CD-0017425,VES
P-8 2026 17 al 17 37,2026-04-30,UNRECONCILED,D42800741,2026-03-17,LIQ TARJETA DEBITO MAESTRO BDV-LIQ TARJETA DEBITO MAESTRO BDV,CREDIT,108876.62,VENEZUELA MERCHANT,01020684710000014766,110108,0006,CD-0017425,VES
P-8 2026 17 al 17 37,2026-04-30,UNRECONCILED,D42800035,2026-03-17,LIQ TARJETA DEBITO MAESTRO BDV-LIQ TARJETA DEBITO MAESTRO BDV,CREDIT,9529.91,VENEZUELA MERCHANT,01020684710000014766,110108,0006,CD-0017425,VES
P-8 2026 17 al 17 37,2026-04-30,UNRECONCILED,D42800527,2026-03-17,LIQ TARJETA DEBITO MAESTRO BDV-LIQ TARJETA DEBITO MAESTRO BDV,CREDIT,792.62,VENEZUELA MERCHANT,01020684710000014766,110108,0006,CD-0017425,VES
P-8 2026 17 al 17 37,2026-04-30,UNRECONCILED,D42800528,2026-03-17,LIQ TARJETA DEBITO MAESTRO BDV-LIQ TARJETA DEBITO MAESTRO BDV,CREDIT,131544.31,VENEZUELA MERCHANT,01020684710000014766,110108,0006,CD-0017425,VES
P-8 2026 17 al 17 37,2026-04-30,UNRECONCILED,D42800035,2026-03-17,LIQ TARJETA DEBITO MAESTRO BDV-LIQ TARJETA DEBITO MAESTRO BDV,CREDIT,9589.58,VENEZUELA MERCHANT,01020684710000014766,110108,0006,CD-0017425,VES
P-8 2026 17 al 17 37,2026-04-30,UNRECONCILED,D42800653,2026-03-17,LIQ TARJETA DEBITO MAESTRO BDV-LIQ TARJETA DEBITO MAESTRO BDV,CREDIT,9860.4,VENEZUELA MERCHANT,01020684710000014766,110108,0006,CD-0017425,VES
P-8 2026 17 al 17 37,2026-04-30,UNRECONCILED,D42800654,2026-03-17,LIQ TARJETA DEBITO MAESTRO BDV-LIQ TARJETA DEBITO MAESTRO BDV,CREDIT,33246.65,VENEZUELA MERCHANT,01020684710000014766,110108,0006,CD-0017425,VES
P-8 2026 17 al 17 37,2026-04-30,UNRECONCILED,D42800564,2026-03-17,LIQ TARJETA DEBITO MAESTRO BDV-LIQ TARJETA DEBITO MAESTRO BDV,CREDIT,39767.94,VENEZUELA MERCHANT,01020684710000014766,110108,0006,CD-0017425,VES
P-8 2026 17 al 17 37,2026-04-30,UNRECONCILED,D42800727,2026-03-17,LIQ TARJETA DEBITO MAESTRO BDV-LIQ TARJETA DEBITO MAESTRO BDV,CREDIT,25655.66,VENEZUELA MERCHANT,01020684710000014766,110108,0006,CD-0017425,VES
P-8 2026 17 al 17 37,2026-04-30,UNRECONCILED,D42800728,2026-03-17,LIQ TARJETA DEBITO MAESTRO BDV-LIQ TARJETA DEBITO MAESTRO BDV,CREDIT,270976.78,VENEZUELA MERCHANT,01020684710000014766,110108,0006,CD-0017425,VES
P-8 2026 17 al 17 37,2026-04-30,UNRECONCILED,M440006,2026-03-17,LIQ MONEDERO PATRIA-LIQ MONEDERO PATRIA,CREDIT,120047.95,VENEZUELA MERCHANT,01020684710000014766,110108,0006,CD-0003677,VES
P-8 2026 17 al 17 37,2026-04-30,UNRECONCILED,D44000185,2026-03-17,LIQ TARJETA DEBITO MAESTRO BDV-LIQ TARJETA DEBITO MAESTRO BDV,CREDIT,56227.38,VENEZUELA MERCHANT,01020684710000014766,110108,0006,CD-0017425,VES
P-8 2026 17 al 17 37,2026-04-30,UNRECONCILED,D44000185,2026-03-17,LIQ TARJETA DEBITO MAESTRO BDV-LIQ TARJETA DEBITO MAESTRO BDV,CREDIT,4216.87,VENEZUELA MERCHANT,01020684710000014766,110108,0006,CD-0017425,VES
P-8 2026 17 al 17 37,2026-04-30,UNRECONCILED,C48000187,2026-03-17,LIQUIDACION T CREDITO VS MC BD-LIQUIDACION T CREDITO VS MC BD,CREDIT,8867.7,VENEZUELA MERCHANT,01020684710000014766,110108,0006,CD-0017430,VES
P-8 2026 17 al 17 37,2026-04-30,UNRECONCILED,D48400739,2026-03-17,LIQ TARJETA DEBITO MAESTRO BDV-LIQ TARJETA DEBITO MAESTRO BDV,CREDIT,31646.06,VENEZUELA MERCHANT,01020684710000014766,110108,0006,CD-0017425,VES
P-8 2026 17 al 17 37,2026-04-30,UNRECONCILED,D51000224,2026-03-17,LIQ TARJETA DEBITO MAESTRO BDV-LIQ TARJETA DEBITO MAESTRO BDV,CREDIT,36011.16,VENEZUELA MERCHANT,01020684710000014766,110108,0006,CD-0017425,VES
P-8 2026 17 al 17 37,2026-04-30,UNRECONCILED,D51000225,2026-03-17,LIQ TARJETA DEBITO MAESTRO BDV-LIQ TARJETA DEBITO MAESTRO BDV,CREDIT,250199.92,VENEZUELA MERCHANT,01020684710000014766,110108,0006,CD-0017425,VES
P-8 2026 17 al 17 37,2026-04-30,UNRECONCILED,D51000225,2026-03-17,LIQ TARJETA DEBITO MAESTRO BDV-LIQ TARJETA DEBITO MAESTRO BDV,CREDIT,42139.4,VENEZUELA MERCHANT,01020684710000014766,110108,0006,CD-0017425,VES
P-8 2026 17 al 17 37,2026-04-30,UNRECONCILED,D55000628,2026-03-17,LIQ TARJETA DEBITO MAESTRO BDV-LIQ TARJETA DEBITO MAESTRO BDV,CREDIT,8203.03,VENEZUELA MERCHANT,01020684710000014766,110108,0006,CD-0017425,VES
P-8 2026 17 al 17 37,2026-04-30,UNRECONCILED,M591006,2026-03-17,LIQ MONEDERO PATRIA-LIQ MONEDERO PATRIA,CREDIT,85208.94,VENEZUELA MERCHANT,01020684710000014766,110108,0006,CD-0003677,VES
P-8 2026 17 al 17 37,2026-04-30,UNRECONCILED,D59100844,2026-03-17,LIQ TARJETA DEBITO MAESTRO BDV-LIQ TARJETA DEBITO MAESTRO BDV,CREDIT,105329.93,VENEZUELA MERCHANT,01020684710000014766,110108,0006,CD-0017425,VES
P-8 2026 17 al 17 37,2026-04-30,UNRECONCILED,D59300909,2026-03-17,LIQ TARJETA DEBITO MAESTRO BDV-LIQ TARJETA DEBITO MAESTRO BDV,CREDIT,53762.69,VENEZUELA MERCHANT,01020684710000014766,110108,0006,CD-0017425,VES
P-8 2026 17 al 17 37,2026-04-30,UNRECONCILED,D59300395,2026-03-17,LIQ TARJETA DEBITO MAESTRO BDV-LIQ TARJETA DEBITO MAESTRO BDV,CREDIT,69324.9,VENEZUELA MERCHANT,01020684710000014766,110108,0006,CD-0017425,VES
P-8 2026 17 al 17 37,2026-04-30,UNRECONCILED,D59400755,2026-03-17,LIQ TARJETA DEBITO MAESTRO BDV-LIQ TARJETA DEBITO MAESTRO BDV,CREDIT,65825.01,VENEZUELA MERCHANT,01020684710000014766,110108,0006,CD-0017425,VES
P-8 2026 17 al 17 37,2026-04-30,UNRECONCILED,M600006,2026-03-17,LIQ MONEDERO PATRIA-LIQ MONEDERO PATRIA,CREDIT,130534.46,VENEZUELA MERCHANT,01020684710000014766,110108,0006,CD-0003677,VES
P-8 2026 17 al 17 37,2026-04-30,UNRECONCILED,D60000707,2026-03-17,LIQ TARJETA DEBITO MAESTRO BDV-LIQ TARJETA DEBITO MAESTRO BDV,CREDIT,9773.25,VENEZUELA MERCHANT,01020684710000014766,110108,0006,CD-0017425,VES
P-8 2026 17 al 17 37,2026-04-30,UNRECONCILED,M601006,2026-03-17,LIQ MONEDERO PATRIA-LIQ MONEDERO PATRIA,CREDIT,19943.68,VENEZUELA MERCHANT,01020684710000014766,110108,0006,CD-0003677,VES
P-8 2026 17 al 17 37,2026-04-30,UNRECONCILED,D60100810,2026-03-17,LIQ TARJETA DEBITO MAESTRO BDV-LIQ TARJETA DEBITO MAESTRO BDV,CREDIT,3824.08,VENEZUELA MERCHANT,01020684710000014766,110108,0006,CD-0017425,VES
P-8 2026 17 al 17 37,2026-04-30,UNRECONCILED,D60300220,2026-03-17,LIQ TARJETA DEBITO MAESTRO BDV-LIQ TARJETA DEBITO MAESTRO BDV,CREDIT,5170.93,VENEZUELA MERCHANT,01020684710000014766,110108,0006,CD-0017425,VES
P-8 2026 17 al 17 37,2026-04-30,UNRECONCILED,D60400209,2026-03-17,LIQ TARJETA DEBITO MAESTRO BDV-LIQ TARJETA DEBITO MAESTRO BDV,CREDIT,13677.24,VENEZUELA MERCHANT,01020684710000014766,110108,0006,CD-0017425,VES
P-8 2026 17 al 17 37,2026-04-30,UNRECONCILED,D60800810,2026-03-17,LIQ TARJETA DEBITO MAESTRO BDV-LIQ TARJETA DEBITO MAESTRO BDV,CREDIT,131741.99,VENEZUELA MERCHANT,01020684710000014766,110108,0006,CD-0017425,VES
P-8 2026 17 al 17 37,2026-04-30,UNRECONCILED,M663006,2026-03-17,LIQ MONEDERO PATRIA-LIQ MONEDERO PATRIA,CREDIT,46904.92,VENEZUELA MERCHANT,01020684710000014766,110108,0006,CD-0003677,VES
P-8 2026 17 al 17 37,2026-04-30,UNRECONCILED,D66300794,2026-03-17,LIQ TARJETA DEBITO MAESTRO BDV-LIQ TARJETA DEBITO MAESTRO BDV,CREDIT,78665.13,VENEZUELA MERCHANT,01020684710000014766,110108,0006,CD-0017425,VES
P-8 2026 17 al 17 37,2026-04-30,UNRECONCILED,D66600076,2026-03-17,LIQ TARJETA DEBITO MAESTRO BDV-LIQ TARJETA DEBITO MAESTRO BDV,CREDIT,18340.66,VENEZUELA MERCHANT,01020684710000014766,110108,0006,CD-0017425,VES
P-8 2026 17 al 17 37,2026-04-30,UNRECONCILED,M670006,2026-03-17,LIQ MONEDERO PATRIA-LIQ MONEDERO PATRIA,CREDIT,24840.33,VENEZUELA MERCHANT,01020684710000014766,110108,0006,CD-0003677,VES
P-8 2026 17 al 17 37,2026-04-30,UNRECONCILED,D67000804,2026-03-17,LIQ TARJETA DEBITO MAESTRO BDV-LIQ TARJETA DEBITO MAESTRO BDV,CREDIT,64838.11,VENEZUELA MERCHANT,01020684710000014766,110108,0006,CD-0017425,VES
P-8 2026 17 al 17 37,2026-04-30,UNRECONCILED,D67100042,2026-03-17,LIQ TARJETA DEBITO MAESTRO BDV-LIQ TARJETA DEBITO MAESTRO BDV,CREDIT,155564.0,VENEZUELA MERCHANT,01020684710000014766,110108,0006,CD-0017425,VES
P-8 2026 17 al 17 37,2026-04-30,UNRECONCILED,D68200760,2026-03-17,LIQ TARJETA DEBITO MAESTRO BDV-LIQ TARJETA DEBITO MAESTRO BDV,CREDIT,36286.46,VENEZUELA MERCHANT,01020684710000014766,110108,0006,CD-0017425,VES
P-8 2026 17 al 17 37,2026-04-30,UNRECONCILED,D68200799,2026-03-17,LIQ TARJETA DEBITO MAESTRO BDV-LIQ TARJETA DEBITO MAESTRO BDV,CREDIT,231390.42,VENEZUELA MERCHANT,01020684710000014766,110108,0006,CD-0017425,VES
P-8 2026 17 al 17 37,2026-04-30,UNRECONCILED,D69000409,2026-03-17,LIQ TARJETA DEBITO MAESTRO BDV-LIQ TARJETA DEBITO MAESTRO BDV,CREDIT,21564.27,VENEZUELA MERCHANT,01020684710000014766,110108,0006,CD-0017425,VES
P-8 2026 17 al 17 37,2026-04-30,UNRECONCILED,BD1710016,2026-03-17,LIQUIDACION TDD BIOPAGOBDV-LIQUIDACION TDD BIOPAGOBDV,CREDIT,3148649.07,VENEZUELA MERCHANT,01020684710000014766,110108,0006,CD-0017403,VES
P-8 2026 17 al 17 37,2026-04-30,UNRECONCILED,BD1580016,2026-03-17,LIQUIDACION TDD BIOPAGOBDV-LIQUIDACION TDD BIOPAGOBDV,CREDIT,2183880.92,VENEZUELA MERCHANT,01020684710000014766,110108,0006,CD-0017403,VES
P-8 2026 17 al 17 37,2026-04-30,UNRECONCILED,BD1920016,2026-03-17,LIQUIDACION TDD BIOPAGOBDV-LIQUIDACION TDD BIOPAGOBDV,CREDIT,1782582.97,VENEZUELA MERCHANT,01020684710000014766,110108,0006,CD-0017403,VES
P-8 2026 17 al 17 37,2026-04-30,UNRECONCILED,BD6080016,2026-03-17,LIQUIDACION TDD BIOPAGOBDV-LIQUIDACION TDD BIOPAGOBDV,CREDIT,5211705.34,VENEZUELA MERCHANT,01020684710000014766,110108,0006,CD-0017403,VES
P-8 2026 17 al 17 37,2026-04-30,UNRECONCILED,BD1530016,2026-03-17,LIQUIDACION TDD BIOPAGOBDV-LIQUIDACION TDD BIOPAGOBDV,CREDIT,2681268.7,VENEZUELA MERCHANT,01020684710000014766,110108,0006,CD-0017403,VES
P-8 2026 17 al 17 37,2026-04-30,UNRECONCILED,BD6630016,2026-03-17,LIQUIDACION TDD BIOPAGOBDV-LIQUIDACION TDD BIOPAGOBDV,CREDIT,1119575.09,VENEZUELA MERCHANT,01020684710000014766,110108,0006,CD-0017403,VES
P-8 2026 17 al 17 37,2026-04-30,UNRECONCILED,BD1080016,2026-03-17,LIQUIDACION TDD BIOPAGOBDV-LIQUIDACION TDD BIOPAGOBDV,CREDIT,1988946.41,VENEZUELA MERCHANT,01020684710000014766,110108,0006,CD-0017403,VES
P-8 2026 17 al 17 37,2026-04-30,UNRECONCILED,BC5100016,2026-03-17,LIQUIDACION TDC BIOPAGOBDV-LIQUIDACION TDC BIOPAGOBDV,CREDIT,7635.01,VENEZUELA MERCHANT,01020684710000014766,110108,0006,CD-0017402,VES
P-8 2026 17 al 17 37,2026-04-30,UNRECONCILED,BD1370016,2026-03-17,LIQUIDACION TDD BIOPAGOBDV-LIQUIDACION TDD BIOPAGOBDV,CREDIT,2373667.95,VENEZUELA MERCHANT,01020684710000014766,110108,0006,CD-0017403,VES
P-8 2026 17 al 17 37,2026-04-30,UNRECONCILED,BD4400016,2026-03-17,LIQUIDACION TDD BIOPAGOBDV-LIQUIDACION TDD BIOPAGOBDV,CREDIT,7609821.34,VENEZUELA MERCHANT,01020684710000014766,110108,0006,CD-0017403,VES
P-8 2026 17 al 17 37,2026-04-30,UNRECONCILED,BC1640016,2026-03-17,LIQUIDACION TDC BIOPAGOBDV-LIQUIDACION TDC BIOPAGOBDV,CREDIT,3092.09,VENEZUELA MERCHANT,01020684710000014766,110108,0006,CD-0017402,VES
P-8 2026 17 al 17 37,2026-04-30,UNRECONCILED,BD5910016,2026-03-17,LIQUIDACION TDD BIOPAGOBDV-LIQUIDACION TDD BIOPAGOBDV,CREDIT,4305746.77,VENEZUELA MERCHANT,01020684710000014766,110108,0006,CD-0017403,VES
P-8 2026 17 al 17 37,2026-04-30,UNRECONCILED,BC1580016,2026-03-17,LIQUIDACION TDC BIOPAGOBDV-LIQUIDACION TDC BIOPAGOBDV,CREDIT,4947.59,VENEZUELA MERCHANT,01020684710000014766,110108,0006,CD-0017402,VES
P-8 2026 17 al 17 37,2026-04-30,UNRECONCILED,BC4280016,2026-03-17,LIQUIDACION TDC BIOPAGOBDV-LIQUIDACION TDC BIOPAGOBDV,CREDIT,835.89,VENEZUELA MERCHANT,01020684710000014766,110108,0006,CD-0017402,VES
P-8 2026 17 al 17 37,2026-04-30,UNRECONCILED,BC4400016,2026-03-17,LIQUIDACION TDC BIOPAGOBDV-LIQUIDACION TDC BIOPAGOBDV,CREDIT,8780.56,VENEZUELA MERCHANT,01020684710000014766,110108,0006,CD-0017402,VES
P-8 2026 17 al 17 37,2026-04-30,UNRECONCILED,BD6000016,2026-03-17,LIQUIDACION TDD BIOPAGOBDV-LIQUIDACION TDD BIOPAGOBDV,CREDIT,2866211.14,VENEZUELA MERCHANT,01020684710000014766,110108,0006,CD-0017403,VES
P-8 2026 17 al 17 37,2026-04-30,UNRECONCILED,BD6700016,2026-03-17,LIQUIDACION TDD BIOPAGOBDV-LIQUIDACION TDD BIOPAGOBDV,CREDIT,3418791.68,VENEZUELA MERCHANT,01020684710000014766,110108,0006,CD-0017403,VES
P-8 2026 17 al 17 37,2026-04-30,UNRECONCILED,BD4280016,2026-03-17,LIQUIDACION TDD BIOPAGOBDV-LIQUIDACION TDD BIOPAGOBDV,CREDIT,4357588.21,VENEZUELA MERCHANT,01020684710000014766,110108,0006,CD-0017403,VES
P-8 2026 17 al 17 37,2026-04-30,UNRECONCILED,BD6060016,2026-03-17,LIQUIDACION TDD BIOPAGOBDV-LIQUIDACION TDD BIOPAGOBDV,CREDIT,1181284.8,VENEZUELA MERCHANT,01020684710000014766,110108,0006,CD-0017403,VES
P-8 2026 17 al 17 37,2026-04-30,UNRECONCILED,BD6610016,2026-03-17,LIQUIDACION TDD BIOPAGOBDV-LIQUIDACION TDD BIOPAGOBDV,CREDIT,1623949.3,VENEZUELA MERCHANT,01020684710000014766,110108,0006,CD-0017403,VES
P-8 2026 17 al 17 37,2026-04-30,UNRECONCILED,BD6900016,2026-03-17,LIQUIDACION TDD BIOPAGOBDV-LIQUIDACION TDD BIOPAGOBDV,CREDIT,1999988.53,VENEZUELA MERCHANT,01020684710000014766,110108,0006,CD-0017403,VES
P-8 2026 17 al 17 37,2026-04-30,UNRECONCILED,BD3070016,2026-03-17,LIQUIDACION TDD BIOPAGOBDV-LIQUIDACION TDD BIOPAGOBDV,CREDIT,3705205.23,VENEZUELA MERCHANT,01020684710000014766,110108,0006,CD-0017403,VES
P-8 2026 17 al 17 37,2026-04-30,UNRECONCILED,BD5100016,2026-03-17,LIQUIDACION TDD BIOPAGOBDV-LIQUIDACION TDD BIOPAGOBDV,CREDIT,2296486.02,VENEZUELA MERCHANT,01020684710000014766,110108,0006,CD-0017403,VES
P-8 2026 17 al 17 37,2026-04-30,UNRECONCILED,BC1370016,2026-03-17,LIQUIDACION TDC BIOPAGOBDV-LIQUIDACION TDC BIOPAGOBDV,CREDIT,8058.81,VENEZUELA MERCHANT,01020684710000014766,110108,0006,CD-0017402,VES
P-8 2026 17 al 17 37,2026-04-30,UNRECONCILED,BC3070016,2026-03-17,LIQUIDACION TDC BIOPAGOBDV-LIQUIDACION TDC BIOPAGOBDV,CREDIT,1717.02,VENEZUELA MERCHANT,01020684710000014766,110108,0006,CD-0017402,VES
P-8 2026 17 al 17 37,2026-04-30,UNRECONCILED,BD6010016,2026-03-17,LIQUIDACION TDD BIOPAGOBDV-LIQUIDACION TDD BIOPAGOBDV,CREDIT,4151145.25,VENEZUELA MERCHANT,01020684710000014766,110108,0006,CD-0017403,VES
P-8 2026 04 al 04 13,2026-04-30,UNRECONCILED,D10800718,2026-03-04,LIQ TARJETA DEBITO MAESTRO BDV-LIQ TARJETA DEBITO MAESTRO BDV,CREDIT,39573.63,VENEZUELA MERCHANT,01020684710000014766,110108,0006,CD-0017425,VES
P-8 2026 04 al 04 13,2026-04-30,UNRECONCILED,D12000392,2026-03-04,LIQ TARJETA DEBITO MAESTRO BDV-LIQ TARJETA DEBITO MAESTRO BDV,CREDIT,19895.32,VENEZUELA MERCHANT,01020684710000014766,110108,0006,CD-0017425,VES
P-8 2026 04 al 04 13,2026-04-30,UNRECONCILED,D12600208,2026-03-04,LIQ TARJETA DEBITO MAESTRO BDV-LIQ TARJETA DEBITO MAESTRO BDV,CREDIT,7370.98,VENEZUELA MERCHANT,01020684710000014766,110108,0006,CD-0017425,VES
P-8 2026 04 al 04 13,2026-04-30,UNRECONCILED,D12600213,2026-03-04,LIQ TARJETA DEBITO MAESTRO BDV-LIQ TARJETA DEBITO MAESTRO BDV,CREDIT,26634.48,VENEZUELA MERCHANT,01020684710000014766,110108,0006,CD-0017425,VES
P-8 2026 04 al 04 13,2026-04-30,UNRECONCILED,D12600208,2026-03-04,LIQ TARJETA DEBITO MAESTRO BDV-LIQ TARJETA DEBITO MAESTRO BDV,CREDIT,75712.54,VENEZUELA MERCHANT,01020684710000014766,110108,0006,CD-0017425,VES
P-8 2026 04 al 04 13,2026-04-30,UNRECONCILED,D12600204,2026-03-04,LIQ TARJETA DEBITO MAESTRO BDV-LIQ TARJETA DEBITO MAESTRO BDV,CREDIT,24253.13,VENEZUELA MERCHANT,01020684710000014766,110108,0006,CD-0017425,VES
P-8 2026 04 al 04 13,2026-04-30,UNRECONCILED,D12600205,2026-03-04,LIQ TARJETA DEBITO MAESTRO BDV-LIQ TARJETA DEBITO MAESTRO BDV,CREDIT,105458.52,VENEZUELA MERCHANT,01020684710000014766,110108,0006,CD-0017425,VES
P-8 2026 04 al 04 13,2026-04-30,UNRECONCILED,D13400900,2026-03-04,LIQ TARJETA DEBITO MAESTRO BDV-LIQ TARJETA DEBITO MAESTRO BDV,CREDIT,12575.87,VENEZUELA MERCHANT,01020684710000014766,110108,0006,CD-0017425,VES
P-8 2026 04 al 04 13,2026-04-30,UNRECONCILED,D13400896,2026-03-04,LIQ TARJETA DEBITO MAESTRO BDV-LIQ TARJETA DEBITO MAESTRO BDV,CREDIT,89060.88,VENEZUELA MERCHANT,01020684710000014766,110108,0006,CD-0017425,VES
P-8 2026 04 al 04 13,2026-04-30,UNRECONCILED,D13500710,2026-03-04,LIQ TARJETA DEBITO MAESTRO BDV-LIQ TARJETA DEBITO MAESTRO BDV,CREDIT,113355.38,VENEZUELA MERCHANT,01020684710000014766,110108,0006,CD-0017425,VES
P-8 2026 04 al 04 13,2026-04-30,UNRECONCILED,D13700002,2026-03-04,LIQ TARJETA DEBITO MAESTRO BDV-LIQ TARJETA DEBITO MAESTRO BDV,CREDIT,182150.92,VENEZUELA MERCHANT,01020684710000014766,110108,0006,CD-0017425,VES
P-8 2026 04 al 04 13,2026-04-30,UNRECONCILED,C13700002,2026-03-04,LIQ TARJETA DEBITO ELECTRON BD-LIQ TARJETA DEBITO ELECTRON BD,CREDIT,24803.33,VENEZUELA MERCHANT,01020684710000014766,110108,0006,CD-0017426,VES
P-8 2026 04 al 04 13,2026-04-30,UNRECONCILED,C13700002,2026-03-04,LIQUIDACION T CREDITO VS MC BD-LIQUIDACION T CREDITO VS MC BD,CREDIT,35891.86,VENEZUELA MERCHANT,01020684710000014766,110108,0006,CD-0017430,VES
P-8 2026 04 al 04 13,2026-04-30,UNRECONCILED,D14200045,2026-03-04,LIQ TARJETA DEBITO MAESTRO BDV-LIQ TARJETA DEBITO MAESTRO BDV,CREDIT,1920.28,VENEZUELA MERCHANT,01020684710000014766,110108,0006,CD-0017425,VES
P-8 2026 04 al 04 13,2026-04-30,UNRECONCILED,D14200082,2026-03-04,LIQ TARJETA DEBITO MAESTRO BDV-LIQ TARJETA DEBITO MAESTRO BDV,CREDIT,5768.8,VENEZUELA MERCHANT,01020684710000014766,110108,0006,CD-0017425,VES
P-8 2026 04 al 04 13,2026-04-30,UNRECONCILED,D14200701,2026-03-04,LIQ TARJETA DEBITO MAESTRO BDV-LIQ TARJETA DEBITO MAESTRO BDV,CREDIT,38442.49,VENEZUELA MERCHANT,01020684710000014766,110108,0006,CD-0017425,VES
P-8 2026 04 al 04 13,2026-04-30,UNRECONCILED,D14500930,2026-03-04,LIQ TARJETA DEBITO MAESTRO BDV-LIQ TARJETA DEBITO MAESTRO BDV,CREDIT,13364.79,VENEZUELA MERCHANT,01020684710000014766,110108,0006,CD-0017425,VES
P-8 2026 04 al 04 13,2026-04-30,UNRECONCILED,D14700412,2026-03-04,LIQ TARJETA DEBITO MAESTRO BDV-LIQ TARJETA DEBITO MAESTRO BDV,CREDIT,38840.99,VENEZUELA MERCHANT,01020684710000014766,110108,0006,CD-0017425,VES
P-8 2026 04 al 04 13,2026-04-30,UNRECONCILED,D15300012,2026-03-04,LIQ TARJETA DEBITO MAESTRO BDV-LIQ TARJETA DEBITO MAESTRO BDV,CREDIT,31585.0,VENEZUELA MERCHANT,01020684710000014766,110108,0006,CD-0017425,VES
P-8 2026 04 al 04 13,2026-04-30,UNRECONCILED,D15700624,2026-03-04,LIQ TARJETA DEBITO MAESTRO BDV-LIQ TARJETA DEBITO MAESTRO BDV,CREDIT,55951.11,VENEZUELA MERCHANT,01020684710000014766,110108,0006,CD-0017425,VES
P-8 2026 04 al 04 13,2026-04-30,UNRECONCILED,D15800093,2026-03-04,LIQ TARJETA DEBITO MAESTRO BDV-LIQ TARJETA DEBITO MAESTRO BDV,CREDIT,6698.78,VENEZUELA MERCHANT,01020684710000014766,110108,0006,CD-0017425,VES
P-8 2026 04 al 04 13,2026-04-30,UNRECONCILED,D16100841,2026-03-04,LIQ TARJETA DEBITO MAESTRO BDV-LIQ TARJETA DEBITO MAESTRO BDV,CREDIT,292505.02,VENEZUELA MERCHANT,01020684710000014766,110108,0006,CD-0017425,VES
P-8 2026 04 al 04 13,2026-04-30,UNRECONCILED,D16700868,2026-03-04,LIQ TARJETA DEBITO MAESTRO BDV-LIQ TARJETA DEBITO MAESTRO BDV,CREDIT,439337.44,VENEZUELA MERCHANT,01020684710000014766,110108,0006,CD-0017425,VES
P-8 2026 04 al 04 13,2026-04-30,UNRECONCILED,D19200219,2026-03-04,LIQ TARJETA DEBITO MAESTRO BDV-LIQ TARJETA DEBITO MAESTRO BDV,CREDIT,9556.27,VENEZUELA MERCHANT,01020684710000014766,110108,0006,CD-0017425,VES
P-8 2026 04 al 04 13,2026-04-30,UNRECONCILED,D19400788,2026-03-04,LIQ TARJETA DEBITO MAESTRO BDV-LIQ TARJETA DEBITO MAESTRO BDV,CREDIT,9309.13,VENEZUELA MERCHANT,01020684710000014766,110108,0006,CD-0017425,VES
P-8 2026 04 al 04 13,2026-04-30,UNRECONCILED,D19400715,2026-03-04,LIQ TARJETA DEBITO MAESTRO BDV-LIQ TARJETA DEBITO MAESTRO BDV,CREDIT,178483.28,VENEZUELA MERCHANT,01020684710000014766,110108,0006,CD-0017425,VES
P-8 2026 04 al 04 13,2026-04-30,UNRECONCILED,D26700022,2026-03-04,LIQ TARJETA DEBITO MAESTRO BDV-LIQ TARJETA DEBITO MAESTRO BDV,CREDIT,24790.53,VENEZUELA MERCHANT,01020684710000014766,110108,0006,CD-0017425,VES
P-8 2026 04 al 04 13,2026-04-30,UNRECONCILED,D26700215,2026-03-04,LIQ TARJETA DEBITO MAESTRO BDV-LIQ TARJETA DEBITO MAESTRO BDV,CREDIT,2953.81,VENEZUELA MERCHANT,01020684710000014766,110108,0006,CD-0017425,VES
P-8 2026 04 al 04 13,2026-04-30,UNRECONCILED,D26700022,2026-03-04,LIQ TARJETA DEBITO MAESTRO BDV-LIQ TARJETA DEBITO MAESTRO BDV,CREDIT,1395.8,VENEZUELA MERCHANT,01020684710000014766,110108,0006,CD-0017425,VES
P-8 2026 04 al 04 13,2026-04-30,UNRECONCILED,D27000426,2026-03-04,LIQ TARJETA DEBITO MAESTRO BDV-LIQ TARJETA DEBITO MAESTRO BDV,CREDIT,7054.95,VENEZUELA MERCHANT,01020684710000014766,110108,0006,CD-0017425,VES
P-8 2026 04 al 04 13,2026-04-30,UNRECONCILED,D27100239,2026-03-04,LIQ TARJETA DEBITO MAESTRO BDV-LIQ TARJETA DEBITO MAESTRO BDV,CREDIT,57697.06,VENEZUELA MERCHANT,01020684710000014766,110108,0006,CD-0017425,VES
P-8 2026 04 al 04 13,2026-04-30,UNRECONCILED,D27500636,2026-03-04,LIQ TARJETA DEBITO MAESTRO BDV-LIQ TARJETA DEBITO MAESTRO BDV,CREDIT,16628.24,VENEZUELA MERCHANT,01020684710000014766,110108,0006,CD-0017425,VES
P-8 2026 04 al 04 13,2026-04-30,UNRECONCILED,M276003,2026-03-04,LIQ MONEDERO PATRIA-LIQ MONEDERO PATRIA,CREDIT,3852.81,VENEZUELA MERCHANT,01020684710000014766,110108,0006,CD-0003677,VES
P-8 2026 04 al 04 13,2026-04-30,UNRECONCILED,D28700989,2026-03-04,LIQ TARJETA DEBITO MAESTRO BDV-LIQ TARJETA DEBITO MAESTRO BDV,CREDIT,36109.09,VENEZUELA MERCHANT,01020684710000014766,110108,0006,CD-0017425,VES
P-8 2026 04 al 04 13,2026-04-30,UNRECONCILED,D29600915,2026-03-04,LIQ TARJETA DEBITO MAESTRO BDV-LIQ TARJETA DEBITO MAESTRO BDV,CREDIT,17030.88,VENEZUELA MERCHANT,01020684710000014766,110108,0006,CD-0017425,VES
P-8 2026 04 al 04 13,2026-04-30,UNRECONCILED,D29800395,2026-03-04,LIQ TARJETA DEBITO MAESTRO BDV-LIQ TARJETA DEBITO MAESTRO BDV,CREDIT,26251.6,VENEZUELA MERCHANT,01020684710000014766,110108,0006,CD-0017425,VES
P-8 2026 04 al 04 13,2026-04-30,UNRECONCILED,D30400494,2026-03-04,LIQ TARJETA DEBITO MAESTRO BDV-LIQ TARJETA DEBITO MAESTRO BDV,CREDIT,2848.63,VENEZUELA MERCHANT,01020684710000014766,110108,0006,CD-0017425,VES
P-8 2026 04 al 04 13,2026-04-30,UNRECONCILED,D30400499,2026-03-04,LIQ TARJETA DEBITO MAESTRO BDV-LIQ TARJETA DEBITO MAESTRO BDV,CREDIT,128801.94,VENEZUELA MERCHANT,01020684710000014766,110108,0006,CD-0017425,VES
P-8 2026 04 al 04 13,2026-04-30,UNRECONCILED,D30700026,2026-03-04,LIQ TARJETA DEBITO MAESTRO BDV-LIQ TARJETA DEBITO MAESTRO BDV,CREDIT,13222.52,VENEZUELA MERCHANT,01020684710000014766,110108,0006,CD-0017425,VES
P-8 2026 04 al 04 13,2026-04-30,UNRECONCILED,D30700027,2026-03-04,LIQ TARJETA DEBITO MAESTRO BDV-LIQ TARJETA DEBITO MAESTRO BDV,CREDIT,40453.2,VENEZUELA MERCHANT,01020684710000014766,110108,0006,CD-0017425,VES
P-8 2026 04 al 04 13,2026-04-30,UNRECONCILED,D30700028,2026-03-04,LIQ TARJETA DEBITO MAESTRO BDV-LIQ TARJETA DEBITO MAESTRO BDV,CREDIT,17772.67,VENEZUELA MERCHANT,01020684710000014766,110108,0006,CD-0017425,VES
P-8 2026 04 al 04 13,2026-04-30,UNRECONCILED,D30700029,2026-03-04,LIQ TARJETA DEBITO MAESTRO BDV-LIQ TARJETA DEBITO MAESTRO BDV,CREDIT,51141.33,VENEZUELA MERCHANT,01020684710000014766,110108,0006,CD-0017425,VES
P-8 2026 04 al 04 13,2026-04-30,UNRECONCILED,D30700025,2026-03-04,LIQ TARJETA DEBITO MAESTRO BDV-LIQ TARJETA DEBITO MAESTRO BDV,CREDIT,5427.27,VENEZUELA MERCHANT,01020684710000014766,110108,0006,CD-0017425,VES
P-8 2026 04 al 04 13,2026-04-30,UNRECONCILED,D30700026,2026-03-04,LIQ TARJETA DEBITO MAESTRO BDV-LIQ TARJETA DEBITO MAESTRO BDV,CREDIT,32234.0,VENEZUELA MERCHANT,01020684710000014766,110108,0006,CD-0017425,VES
P-8 2026 04 al 04 13,2026-04-30,UNRECONCILED,D30700029,2026-03-04,LIQ TARJETA DEBITO MAESTRO BDV-LIQ TARJETA DEBITO MAESTRO BDV,CREDIT,47422.32,VENEZUELA MERCHANT,01020684710000014766,110108,0006,CD-0017425,VES
P-8 2026 04 al 04 13,2026-04-30,UNRECONCILED,D30700030,2026-03-04,LIQ TARJETA DEBITO MAESTRO BDV-LIQ TARJETA DEBITO MAESTRO BDV,CREDIT,72512.01,VENEZUELA MERCHANT,01020684710000014766,110108,0006,CD-0017425,VES
P-8 2026 04 al 04 13,2026-04-30,UNRECONCILED,D30700027,2026-03-04,LIQ TARJETA DEBITO MAESTRO BDV-LIQ TARJETA DEBITO MAESTRO BDV,CREDIT,44229.67,VENEZUELA MERCHANT,01020684710000014766,110108,0006,CD-0017425,VES
P-8 2026 04 al 04 13,2026-04-30,UNRECONCILED,D30700028,2026-03-04,LIQ TARJETA DEBITO MAESTRO BDV-LIQ TARJETA DEBITO MAESTRO BDV,CREDIT,65437.81,VENEZUELA MERCHANT,01020684710000014766,110108,0006,CD-0017425,VES
P-8 2026 04 al 04 13,2026-04-30,UNRECONCILED,D30700026,2026-03-04,LIQ TARJETA DEBITO MAESTRO BDV-LIQ TARJETA DEBITO MAESTRO BDV,CREDIT,10506.59,VENEZUELA MERCHANT,01020684710000014766,110108,0006,CD-0017425,VES
P-8 2026 04 al 04 13,2026-04-30,UNRECONCILED,D30700028,2026-03-04,LIQ TARJETA DEBITO MAESTRO BDV-LIQ TARJETA DEBITO MAESTRO BDV,CREDIT,80767.27,VENEZUELA MERCHANT,01020684710000014766,110108,0006,CD-0017425,VES
P-8 2026 04 al 04 13,2026-04-30,UNRECONCILED,D30700030,2026-03-04,LIQ TARJETA DEBITO MAESTRO BDV-LIQ TARJETA DEBITO MAESTRO BDV,CREDIT,49040.93,VENEZUELA MERCHANT,01020684710000014766,110108,0006,CD-0017425,VES
P-8 2026 04 al 04 13,2026-04-30,UNRECONCILED,D30700026,2026-03-04,LIQ TARJETA DEBITO MAESTRO BDV-LIQ TARJETA DEBITO MAESTRO BDV,CREDIT,38963.51,VENEZUELA MERCHANT,01020684710000014766,110108,0006,CD-0017425,VES
P-8 2026 04 al 04 13,2026-04-30,UNRECONCILED,D30700027,2026-03-04,LIQ TARJETA DEBITO MAESTRO BDV-LIQ TARJETA DEBITO MAESTRO BDV,CREDIT,139406.0,VENEZUELA MERCHANT,01020684710000014766,110108,0006,CD-0017425,VES
P-8 2026 04 al 04 13,2026-04-30,UNRECONCILED,D30700026,2026-03-04,LIQ TARJETA DEBITO MAESTRO BDV-LIQ TARJETA DEBITO MAESTRO BDV,CREDIT,10950.76,VENEZUELA MERCHANT,01020684710000014766,110108,0006,CD-0017425,VES
P-8 2026 04 al 04 13,2026-04-30,UNRECONCILED,D30700027,2026-03-04,LIQ TARJETA DEBITO MAESTRO BDV-LIQ TARJETA DEBITO MAESTRO BDV,CREDIT,69284.97,VENEZUELA MERCHANT,01020684710000014766,110108,0006,CD-0017425,VES
P-8 2026 04 al 04 13,2026-04-30,UNRECONCILED,D30700026,2026-03-04,LIQ TARJETA DEBITO MAESTRO BDV-LIQ TARJETA DEBITO MAESTRO BDV,CREDIT,92120.76,VENEZUELA MERCHANT,01020684710000014766,110108,0006,CD-0017425,VES
P-8 2026 04 al 04 13,2026-04-30,UNRECONCILED,D30700025,2026-03-04,LIQ TARJETA DEBITO MAESTRO BDV-LIQ TARJETA DEBITO MAESTRO BDV,CREDIT,5716.69,VENEZUELA MERCHANT,01020684710000014766,110108,0006,CD-0017425,VES
P-8 2026 04 al 04 13,2026-04-30,UNRECONCILED,D30700026,2026-03-04,LIQ TARJETA DEBITO MAESTRO BDV-LIQ TARJETA DEBITO MAESTRO BDV,CREDIT,7642.16,VENEZUELA MERCHANT,01020684710000014766,110108,0006,CD-0017425,VES
P-8 2026 04 al 04 13,2026-04-30,UNRECONCILED,D40100673,2026-03-04,LIQ TARJETA DEBITO MAESTRO BDV-LIQ TARJETA DEBITO MAESTRO BDV,CREDIT,30797.25,VENEZUELA MERCHANT,01020684710000014766,110108,0006,CD-0017425,VES
P-8 2026 04 al 04 13,2026-04-30,UNRECONCILED,D40100674,2026-03-04,LIQ TARJETA DEBITO MAESTRO BDV-LIQ TARJETA DEBITO MAESTRO BDV,CREDIT,52470.08,VENEZUELA MERCHANT,01020684710000014766,110108,0006,CD-0017425,VES
P-8 2026 04 al 04 13,2026-04-30,UNRECONCILED,D42000196,2026-03-04,LIQ TARJETA DEBITO MAESTRO BDV-LIQ TARJETA DEBITO MAESTRO BDV,CREDIT,52662.94,VENEZUELA MERCHANT,01020684710000014766,110108,0006,CD-0017425,VES
P-8 2026 04 al 04 13,2026-04-30,UNRECONCILED,D42000667,2026-03-04,LIQ TARJETA DEBITO MAESTRO BDV-LIQ TARJETA DEBITO MAESTRO BDV,CREDIT,64814.01,VENEZUELA MERCHANT,01020684710000014766,110108,0006,CD-0017425,VES
P-8 2026 04 al 04 13,2026-04-30,UNRECONCILED,D42300011,2026-03-04,LIQ TARJETA DEBITO MAESTRO BDV-LIQ TARJETA DEBITO MAESTRO BDV,CREDIT,58755.33,VENEZUELA MERCHANT,01020684710000014766,110108,0006,CD-0017425,VES
P-8 2026 04 al 04 13,2026-04-30,UNRECONCILED,D42700312,2026-03-04,LIQ TARJETA DEBITO MAESTRO BDV-LIQ TARJETA DEBITO MAESTRO BDV,CREDIT,11144.21,VENEZUELA MERCHANT,01020684710000014766,110108,0006,CD-0017425,VES
P-8 2026 04 al 04 13,2026-04-30,UNRECONCILED,D42800021,2026-03-04,LIQ TARJETA DEBITO MAESTRO BDV-LIQ TARJETA DEBITO MAESTRO BDV,CREDIT,6755.21,VENEZUELA MERCHANT,01020684710000014766,110108,0006,CD-0017425,VES
P-8 2026 04 al 04 13,2026-04-30,UNRECONCILED,D42800726,2026-03-04,LIQ TARJETA DEBITO MAESTRO BDV-LIQ TARJETA DEBITO MAESTRO BDV,CREDIT,23779.79,VENEZUELA MERCHANT,01020684710000014766,110108,0006,CD-0017425,VES
P-8 2026 04 al 04 13,2026-04-30,UNRECONCILED,D42800020,2026-03-04,LIQ TARJETA DEBITO MAESTRO BDV-LIQ TARJETA DEBITO MAESTRO BDV,CREDIT,17135.42,VENEZUELA MERCHANT,01020684710000014766,110108,0006,CD-0017425,VES
P-8 2026 04 al 04 13,2026-04-30,UNRECONCILED,D42800021,2026-03-04,LIQ TARJETA DEBITO MAESTRO BDV-LIQ TARJETA DEBITO MAESTRO BDV,CREDIT,25590.46,VENEZUELA MERCHANT,01020684710000014766,110108,0006,CD-0017425,VES
P-8 2026 04 al 04 13,2026-04-30,UNRECONCILED,D42800646,2026-03-04,LIQ TARJETA DEBITO MAESTRO BDV-LIQ TARJETA DEBITO MAESTRO BDV,CREDIT,3886.54,VENEZUELA MERCHANT,01020684710000014766,110108,0006,CD-0017425,VES
P-8 2026 04 al 04 13,2026-04-30,UNRECONCILED,D42800647,2026-03-04,LIQ TARJETA DEBITO MAESTRO BDV-LIQ TARJETA DEBITO MAESTRO BDV,CREDIT,8208.35,VENEZUELA MERCHANT,01020684710000014766,110108,0006,CD-0017425,VES
P-8 2026 04 al 04 13,2026-04-30,UNRECONCILED,D42800021,2026-03-04,LIQ TARJETA DEBITO MAESTRO BDV-LIQ TARJETA DEBITO MAESTRO BDV,CREDIT,3712.48,VENEZUELA MERCHANT,01020684710000014766,110108,0006,CD-0017425,VES
P-8 2026 04 al 04 13,2026-04-30,UNRECONCILED,D42800644,2026-03-04,LIQ TARJETA DEBITO MAESTRO BDV-LIQ TARJETA DEBITO MAESTRO BDV,CREDIT,30948.36,VENEZUELA MERCHANT,01020684710000014766,110108,0006,CD-0017425,VES
P-8 2026 04 al 04 13,2026-04-30,UNRECONCILED,D42800645,2026-03-04,LIQ TARJETA DEBITO MAESTRO BDV-LIQ TARJETA DEBITO MAESTRO BDV,CREDIT,53405.18,VENEZUELA MERCHANT,01020684710000014766,110108,0006,CD-0017425,VES
P-8 2026 04 al 04 13,2026-04-30,UNRECONCILED,D42800021,2026-03-04,LIQ TARJETA DEBITO MAESTRO BDV-LIQ TARJETA DEBITO MAESTRO BDV,CREDIT,10450.2,VENEZUELA MERCHANT,01020684710000014766,110108,0006,CD-0017425,VES
P-8 2026 04 al 04 13,2026-04-30,UNRECONCILED,D42800730,2026-03-04,LIQ TARJETA DEBITO MAESTRO BDV-LIQ TARJETA DEBITO MAESTRO BDV,CREDIT,8247.48,VENEZUELA MERCHANT,01020684710000014766,110108,0006,CD-0017425,VES
P-8 2026 04 al 04 13,2026-04-30,UNRECONCILED,D42800724,2026-03-04,LIQ TARJETA DEBITO MAESTRO BDV-LIQ TARJETA DEBITO MAESTRO BDV,CREDIT,96917.55,VENEZUELA MERCHANT,01020684710000014766,110108,0006,CD-0017425,VES
P-8 2026 04 al 04 13,2026-04-30,UNRECONCILED,D42800437,2026-03-04,LIQ TARJETA DEBITO MAESTRO BDV-LIQ TARJETA DEBITO MAESTRO BDV,CREDIT,37281.03,VENEZUELA MERCHANT,01020684710000014766,110108,0006,CD-0017425,VES
P-8 2026 04 al 04 13,2026-04-30,UNRECONCILED,D42800021,2026-03-04,LIQ TARJETA DEBITO MAESTRO BDV-LIQ TARJETA DEBITO MAESTRO BDV,CREDIT,727.43,VENEZUELA MERCHANT,01020684710000014766,110108,0006,CD-0017425,VES
P-8 2026 04 al 04 13,2026-04-30,UNRECONCILED,D42800727,2026-03-04,LIQ TARJETA DEBITO MAESTRO BDV-LIQ TARJETA DEBITO MAESTRO BDV,CREDIT,11113.5,VENEZUELA MERCHANT,01020684710000014766,110108,0006,CD-0017425,VES
P-8 2026 04 al 04 13,2026-04-30,UNRECONCILED,D42800728,2026-03-04,LIQ TARJETA DEBITO MAESTRO BDV-LIQ TARJETA DEBITO MAESTRO BDV,CREDIT,128067.36,VENEZUELA MERCHANT,01020684710000014766,110108,0006,CD-0017425,VES
P-8 2026 04 al 04 13,2026-04-30,UNRECONCILED,D42800514,2026-03-04,LIQ TARJETA DEBITO MAESTRO BDV-LIQ TARJETA DEBITO MAESTRO BDV,CREDIT,750.73,VENEZUELA MERCHANT,01020684710000014766,110108,0006,CD-0017425,VES
P-8 2026 04 al 04 13,2026-04-30,UNRECONCILED,D42800515,2026-03-04,LIQ TARJETA DEBITO MAESTRO BDV-LIQ TARJETA DEBITO MAESTRO BDV,CREDIT,15165.89,VENEZUELA MERCHANT,01020684710000014766,110108,0006,CD-0017425,VES
P-8 2026 04 al 04 13,2026-04-30,UNRECONCILED,D42800640,2026-03-04,LIQ TARJETA DEBITO MAESTRO BDV-LIQ TARJETA DEBITO MAESTRO BDV,CREDIT,1448.43,VENEZUELA MERCHANT,01020684710000014766,110108,0006,CD-0017425,VES
P-8 2026 04 al 04 13,2026-04-30,UNRECONCILED,D42800641,2026-03-04,LIQ TARJETA DEBITO MAESTRO BDV-LIQ TARJETA DEBITO MAESTRO BDV,CREDIT,5183.21,VENEZUELA MERCHANT,01020684710000014766,110108,0006,CD-0017425,VES
P-8 2026 04 al 04 13,2026-04-30,UNRECONCILED,D42800551,2026-03-04,LIQ TARJETA DEBITO MAESTRO BDV-LIQ TARJETA DEBITO MAESTRO BDV,CREDIT,70273.65,VENEZUELA MERCHANT,01020684710000014766,110108,0006,CD-0017425,VES
P-8 2026 04 al 04 13,2026-04-30,UNRECONCILED,D42800020,2026-03-04,LIQ TARJETA DEBITO MAESTRO BDV-LIQ TARJETA DEBITO MAESTRO BDV,CREDIT,7844.87,VENEZUELA MERCHANT,01020684710000014766,110108,0006,CD-0017425,VES
P-8 2026 04 al 04 13,2026-04-30,UNRECONCILED,D42800714,2026-03-04,LIQ TARJETA DEBITO MAESTRO BDV-LIQ TARJETA DEBITO MAESTRO BDV,CREDIT,3583.76,VENEZUELA MERCHANT,01020684710000014766,110108,0006,CD-0017425,VES
P-8 2026 04 al 04 13,2026-04-30,UNRECONCILED,D42800715,2026-03-04,LIQ TARJETA DEBITO MAESTRO BDV-LIQ TARJETA DEBITO MAESTRO BDV,CREDIT,83800.09,VENEZUELA MERCHANT,01020684710000014766,110108,0006,CD-0017425,VES
P-8 2026 04 al 04 13,2026-04-30,UNRECONCILED,D44000168,2026-03-04,LIQ TARJETA DEBITO MAESTRO BDV-LIQ TARJETA DEBITO MAESTRO BDV,CREDIT,13572.44,VENEZUELA MERCHANT,01020684710000014766,110108,0006,CD-0017425,VES
P-8 2026 04 al 04 13,2026-04-30,UNRECONCILED,D44000168,2026-03-04,LIQ TARJETA DEBITO MAESTRO BDV-LIQ TARJETA DEBITO MAESTRO BDV,CREDIT,4568.7,VENEZUELA MERCHANT,01020684710000014766,110108,0006,CD-0017425,VES
P-8 2026 04 al 04 13,2026-04-30,UNRECONCILED,D48300747,2026-03-04,LIQ TARJETA DEBITO MAESTRO BDV-LIQ TARJETA DEBITO MAESTRO BDV,CREDIT,4142.89,VENEZUELA MERCHANT,01020684710000014766,110108,0006,CD-0017425,VES
P-8 2026 04 al 04 13,2026-04-30,UNRECONCILED,D48400763,2026-03-04,LIQ TARJETA DEBITO MAESTRO BDV-LIQ TARJETA DEBITO MAESTRO BDV,CREDIT,28871.72,VENEZUELA MERCHANT,01020684710000014766,110108,0006,CD-0017425,VES
P-8 2026 04 al 04 13,2026-04-30,UNRECONCILED,D50400215,2026-03-04,LIQ TARJETA DEBITO MAESTRO BDV-LIQ TARJETA DEBITO MAESTRO BDV,CREDIT,50625.23,VENEZUELA MERCHANT,01020684710000014766,110108,0006,CD-0017425,VES
P-8 2026 04 al 04 13,2026-04-30,UNRECONCILED,D50400214,2026-03-04,LIQ TARJETA DEBITO MAESTRO BDV-LIQ TARJETA DEBITO MAESTRO BDV,CREDIT,23076.17,VENEZUELA MERCHANT,01020684710000014766,110108,0006,CD-0017425,VES
P-8 2026 04 al 04 13,2026-04-30,UNRECONCILED,D50400215,2026-03-04,LIQ TARJETA DEBITO MAESTRO BDV-LIQ TARJETA DEBITO MAESTRO BDV,CREDIT,249651.15,VENEZUELA MERCHANT,01020684710000014766,110108,0006,CD-0017425,VES
P-8 2026 04 al 04 13,2026-04-30,UNRECONCILED,D51000211,2026-03-04,LIQ TARJETA DEBITO MAESTRO BDV-LIQ TARJETA DEBITO MAESTRO BDV,CREDIT,10064.97,VENEZUELA MERCHANT,01020684710000014766,110108,0006,CD-0017425,VES
P-8 2026 04 al 04 13,2026-04-30,UNRECONCILED,D51000212,2026-03-04,LIQ TARJETA DEBITO MAESTRO BDV-LIQ TARJETA DEBITO MAESTRO BDV,CREDIT,81815.55,VENEZUELA MERCHANT,01020684710000014766,110108,0006,CD-0017425,VES
P-8 2026 04 al 04 13,2026-04-30,UNRECONCILED,D51000212,2026-03-04,LIQ TARJETA DEBITO MAESTRO BDV-LIQ TARJETA DEBITO MAESTRO BDV,CREDIT,3779.52,VENEZUELA MERCHANT,01020684710000014766,110108,0006,CD-0017425,VES
P-8 2026 04 al 04 13,2026-04-30,UNRECONCILED,D51100582,2026-03-04,LIQ TARJETA DEBITO MAESTRO BDV-LIQ TARJETA DEBITO MAESTRO BDV,CREDIT,1281.4,VENEZUELA MERCHANT,01020684710000014766,110108,0006,CD-0017425,VES
P-8 2026 04 al 04 13,2026-04-30,UNRECONCILED,D52000208,2026-03-04,LIQ TARJETA DEBITO MAESTRO BDV-LIQ TARJETA DEBITO MAESTRO BDV,CREDIT,19993.04,VENEZUELA MERCHANT,01020684710000014766,110108,0006,CD-0017425,VES
P-8 2026 04 al 04 13,2026-04-30,UNRECONCILED,D55000697,2026-03-04,LIQ TARJETA DEBITO MAESTRO BDV-LIQ TARJETA DEBITO MAESTRO BDV,CREDIT,161654.24,VENEZUELA MERCHANT,01020684710000014766,110108,0006,CD-0017425,VES
P-8 2026 04 al 04 13,2026-04-30,UNRECONCILED,D59300382,2026-03-04,LIQ TARJETA DEBITO MAESTRO BDV-LIQ TARJETA DEBITO MAESTRO BDV,CREDIT,34380.6,VENEZUELA MERCHANT,01020684710000014766,110108,0006,CD-0017425,VES
P-8 2026 04 al 04 13,2026-04-30,UNRECONCILED,D59500408,2026-03-04,LIQ TARJETA DEBITO MAESTRO BDV-LIQ TARJETA DEBITO MAESTRO BDV,CREDIT,383857.87,VENEZUELA MERCHANT,01020684710000014766,110108,0006,CD-0017425,VES
P-8 2026 04 al 04 13,2026-04-30,UNRECONCILED,D60300212,2026-03-04,LIQ TARJETA DEBITO MAESTRO BDV-LIQ TARJETA DEBITO MAESTRO BDV,CREDIT,7002.64,VENEZUELA MERCHANT,01020684710000014766,110108,0006,CD-0017425,VES
P-8 2026 04 al 04 13,2026-04-30,UNRECONCILED,D60400837,2026-03-04,LIQ TARJETA DEBITO MAESTRO BDV-LIQ TARJETA DEBITO MAESTRO BDV,CREDIT,97185.38,VENEZUELA MERCHANT,01020684710000014766,110108,0006,CD-0017425,VES
P-8 2026 04 al 04 13,2026-04-30,UNRECONCILED,D60800763,2026-03-04,LIQ TARJETA DEBITO MAESTRO BDV-LIQ TARJETA DEBITO MAESTRO BDV,CREDIT,16703.74,VENEZUELA MERCHANT,01020684710000014766,110108,0006,CD-0017425,VES
P-8 2026 04 al 04 13,2026-04-30,UNRECONCILED,D66100078,2026-03-04,LIQ TARJETA DEBITO MAESTRO BDV-LIQ TARJETA DEBITO MAESTRO BDV,CREDIT,77175.64,VENEZUELA MERCHANT,01020684710000014766,110108,0006,CD-0017425,VES
P-8 2026 04 al 04 13,2026-04-30,UNRECONCILED,D66600437,2026-03-04,LIQ TARJETA DEBITO MAESTRO BDV-LIQ TARJETA DEBITO MAESTRO BDV,CREDIT,38391.91,VENEZUELA MERCHANT,01020684710000014766,110108,0006,CD-0017425,VES
P-8 2026 04 al 04 13,2026-04-30,UNRECONCILED,D66700336,2026-03-04,LIQ TARJETA DEBITO MAESTRO BDV-LIQ TARJETA DEBITO MAESTRO BDV,CREDIT,6704.53,VENEZUELA MERCHANT,01020684710000014766,110108,0006,CD-0017425,VES
P-8 2026 04 al 04 13,2026-04-30,UNRECONCILED,D66900043,2026-03-04,LIQ TARJETA DEBITO MAESTRO BDV-LIQ TARJETA DEBITO MAESTRO BDV,CREDIT,3676.51,VENEZUELA MERCHANT,01020684710000014766,110108,0006,CD-0017425,VES
P-8 2026 04 al 04 13,2026-04-30,UNRECONCILED,D66900042,2026-03-04,LIQ TARJETA DEBITO MAESTRO BDV-LIQ TARJETA DEBITO MAESTRO BDV,CREDIT,508.13,VENEZUELA MERCHANT,01020684710000014766,110108,0006,CD-0017425,VES
P-8 2026 04 al 04 13,2026-04-30,UNRECONCILED,D66900043,2026-03-04,LIQ TARJETA DEBITO MAESTRO BDV-LIQ TARJETA DEBITO MAESTRO BDV,CREDIT,37511.92,VENEZUELA MERCHANT,01020684710000014766,110108,0006,CD-0017425,VES
P-8 2026 04 al 04 13,2026-04-30,UNRECONCILED,D66900039,2026-03-04,LIQ TARJETA DEBITO MAESTRO BDV-LIQ TARJETA DEBITO MAESTRO BDV,CREDIT,83584.89,VENEZUELA MERCHANT,01020684710000014766,110108,0006,CD-0017425,VES
P-8 2026 04 al 04 13,2026-04-30,UNRECONCILED,D67000403,2026-03-04,LIQ TARJETA DEBITO MAESTRO BDV-LIQ TARJETA DEBITO MAESTRO BDV,CREDIT,152236.65,VENEZUELA MERCHANT,01020684710000014766,110108,0006,CD-0017425,VES
P-8 2026 04 al 04 13,2026-04-30,UNRECONCILED,D67000466,2026-03-04,LIQ TARJETA DEBITO MAESTRO BDV-LIQ TARJETA DEBITO MAESTRO BDV,CREDIT,236253.74,VENEZUELA MERCHANT,01020684710000014766,110108,0006,CD-0017425,VES
P-8 2026 04 al 04 13,2026-04-30,UNRECONCILED,D67100042,2026-03-04,LIQ TARJETA DEBITO MAESTRO BDV-LIQ TARJETA DEBITO MAESTRO BDV,CREDIT,20045.36,VENEZUELA MERCHANT,01020684710000014766,110108,0006,CD-0017425,VES
P-8 2026 04 al 04 13,2026-04-30,UNRECONCILED,D67500382,2026-03-04,LIQ TARJETA DEBITO MAESTRO BDV-LIQ TARJETA DEBITO MAESTRO BDV,CREDIT,43562.49,VENEZUELA MERCHANT,01020684710000014766,110108,0006,CD-0017425,VES
P-8 2026 04 al 04 13,2026-04-30,UNRECONCILED,D67500367,2026-03-04,LIQ TARJETA DEBITO MAESTRO BDV-LIQ TARJETA DEBITO MAESTRO BDV,CREDIT,18150.24,VENEZUELA MERCHANT,01020684710000014766,110108,0006,CD-0017425,VES
P-8 2026 04 al 04 13,2026-04-30,UNRECONCILED,D68200747,2026-03-04,LIQ TARJETA DEBITO MAESTRO BDV-LIQ TARJETA DEBITO MAESTRO BDV,CREDIT,68182.01,VENEZUELA MERCHANT,01020684710000014766,110108,0006,CD-0017425,VES
P-8 2026 04 al 04 13,2026-04-30,UNRECONCILED,D70000168,2026-03-04,LIQ TARJETA DEBITO MAESTRO BDV-LIQ TARJETA DEBITO MAESTRO BDV,CREDIT,45848.8,VENEZUELA MERCHANT,01020684710000014766,110108,0006,CD-0017425,VES
P-8 2026 04 al 04 13,2026-04-30,UNRECONCILED,BD1420003,2026-03-04,LIQUIDACION TDD BIOPAGOBDV-LIQUIDACION TDD BIOPAGOBDV,CREDIT,1734691.13,VENEZUELA MERCHANT,01020684710000014766,110108,0006,CD-0017403,VES
P-8 2026 04 al 04 13,2026-04-30,UNRECONCILED,BD2750003,2026-03-04,LIQUIDACION TDD BIOPAGOBDV-LIQUIDACION TDD BIOPAGOBDV,CREDIT,1663226.94,VENEZUELA MERCHANT,01020684710000014766,110108,0006,CD-0017403,VES
P-8 2026 04 al 04 13,2026-04-30,UNRECONCILED,BD2060003,2026-03-04,LIQUIDACION TDD BIOPAGOBDV-LIQUIDACION TDD BIOPAGOBDV,CREDIT,2784703.05,VENEZUELA MERCHANT,01020684710000014766,110108,0006,CD-0017403,VES
P-8 2026 04 al 04 13,2026-04-30,UNRECONCILED,BD6660003,2026-03-04,LIQUIDACION TDD BIOPAGOBDV-LIQUIDACION TDD BIOPAGOBDV,CREDIT,2309992.28,VENEZUELA MERCHANT,01020684710000014766,110108,0006,CD-0017403,VES
P-8 2026 04 al 04 13,2026-04-30,UNRECONCILED,BD4400003,2026-03-04,LIQUIDACION TDD BIOPAGOBDV-LIQUIDACION TDD BIOPAGOBDV,CREDIT,4633683.36,VENEZUELA MERCHANT,01020684710000014766,110108,0006,CD-0017403,VES
P-8 2026 04 al 04 13,2026-04-30,UNRECONCILED,BD1920003,2026-03-04,LIQUIDACION TDD BIOPAGOBDV-LIQUIDACION TDD BIOPAGOBDV,CREDIT,1172394.73,VENEZUELA MERCHANT,01020684710000014766,110108,0006,CD-0017403,VES
P-8 2026 04 al 04 13,2026-04-30,UNRECONCILED,BC2980003,2026-03-04,LIQUIDACION TDC BIOPAGOBDV-LIQUIDACION TDC BIOPAGOBDV,CREDIT,264.92,VENEZUELA MERCHANT,01020684710000014766,110108,0006,CD-0017402,VES
P-8 2026 04 al 04 13,2026-04-30,UNRECONCILED,BD1530003,2026-03-04,LIQUIDACION TDD BIOPAGOBDV-LIQUIDACION TDD BIOPAGOBDV,CREDIT,2257535.39,VENEZUELA MERCHANT,01020684710000014766,110108,0006,CD-0017403,VES
P-8 2026 04 al 04 13,2026-04-30,UNRECONCILED,BD4270003,2026-03-04,LIQUIDACION TDD BIOPAGOBDV-LIQUIDACION TDD BIOPAGOBDV,CREDIT,2592692.63,VENEZUELA MERCHANT,01020684710000014766,110108,0006,CD-0017403,VES
P-8 2026 04 al 04 13,2026-04-30,UNRECONCILED,BD4280003,2026-03-04,LIQUIDACION TDD BIOPAGOBDV-LIQUIDACION TDD BIOPAGOBDV,CREDIT,2951945.61,VENEZUELA MERCHANT,01020684710000014766,110108,0006,CD-0017403,VES
P-8 2026 04 al 04 13,2026-04-30,UNRECONCILED,BD1160003,2026-03-04,LIQUIDACION TDD BIOPAGOBDV-LIQUIDACION TDD BIOPAGOBDV,CREDIT,635431.59,VENEZUELA MERCHANT,01020684710000014766,110108,0006,CD-0017403,VES
P-8 2026 04 al 04 13,2026-04-30,UNRECONCILED,BC4280003,2026-03-04,LIQUIDACION TDC BIOPAGOBDV-LIQUIDACION TDC BIOPAGOBDV,CREDIT,1352.83,VENEZUELA MERCHANT,01020684710000014766,110108,0006,CD-0017402,VES
P-8 2026 04 al 04 13,2026-04-30,UNRECONCILED,BD4830003,2026-03-04,LIQUIDACION TDD BIOPAGOBDV-LIQUIDACION TDD BIOPAGOBDV,CREDIT,1690223.35,VENEZUELA MERCHANT,01020684710000014766,110108,0006,CD-0017403,VES
P-8 2026 04 al 04 13,2026-04-30,UNRECONCILED,BC5500003,2026-03-04,LIQUIDACION TDC BIOPAGOBDV-LIQUIDACION TDC BIOPAGOBDV,CREDIT,2145.37,VENEZUELA MERCHANT,01020684710000014766,110108,0006,CD-0017402,VES
P-8 2026 04 al 04 13,2026-04-30,UNRECONCILED,BD6040003,2026-03-04,LIQUIDACION TDD BIOPAGOBDV-LIQUIDACION TDD BIOPAGOBDV,CREDIT,1659334.49,VENEZUELA MERCHANT,01020684710000014766,110108,0006,CD-0017403,VES
P-8 2026 04 al 04 13,2026-04-30,UNRECONCILED,BD5500003,2026-03-04,LIQUIDACION TDD BIOPAGOBDV-LIQUIDACION TDD BIOPAGOBDV,CREDIT,3606230.43,VENEZUELA MERCHANT,01020684710000014766,110108,0006,CD-0017403,VES
P-8 2026 04 al 04 13,2026-04-30,UNRECONCILED,BD1680003,2026-03-04,LIQUIDACION TDD BIOPAGOBDV-LIQUIDACION TDD BIOPAGOBDV,CREDIT,2660699.8,VENEZUELA MERCHANT,01020684710000014766,110108,0006,CD-0017403,VES
P-8 2026 04 al 04 13,2026-04-30,UNRECONCILED,BD2980003,2026-03-04,LIQUIDACION TDD BIOPAGOBDV-LIQUIDACION TDD BIOPAGOBDV,CREDIT,2152654.81,VENEZUELA MERCHANT,01020684710000014766,110108,0006,CD-0017403,VES
P-8 2026 04 al 04 13,2026-04-30,UNRECONCILED,BD2760003,2026-03-04,LIQUIDACION TDD BIOPAGOBDV-LIQUIDACION TDD BIOPAGOBDV,CREDIT,1354046.94,VENEZUELA MERCHANT,01020684710000014766,110108,0006,CD-0017403,VES
P-8 2026 12 al 12 38,2026-04-30,UNRECONCILED,D10800637,2026-03-12,LIQ TARJETA DEBITO MAESTRO BDV-LIQ TARJETA DEBITO MAESTRO BDV,CREDIT,16065.04,VENEZUELA MERCHANT,01020684710000014766,110108,0006,CD-0017425,VES
P-8 2026 12 al 12 38,2026-04-30,UNRECONCILED,D11500380,2026-03-12,LIQ TARJETA DEBITO MAESTRO BDV-LIQ TARJETA DEBITO MAESTRO BDV,CREDIT,7592.44,VENEZUELA MERCHANT,01020684710000014766,110108,0006,CD-0017425,VES
P-8 2026 12 al 12 38,2026-04-30,UNRECONCILED,D11600720,2026-03-12,LIQ TARJETA DEBITO MAESTRO BDV-LIQ TARJETA DEBITO MAESTRO BDV,CREDIT,15415.45,VENEZUELA MERCHANT,01020684710000014766,110108,0006,CD-0017425,VES
P-8 2026 12 al 12 38,2026-04-30,UNRECONCILED,D12600228,2026-03-12,LIQ TARJETA DEBITO MAESTRO BDV-LIQ TARJETA DEBITO MAESTRO BDV,CREDIT,48254.21,VENEZUELA MERCHANT,01020684710000014766,110108,0006,CD-0017425,VES
P-8 2026 12 al 12 38,2026-04-30,UNRECONCILED,D12600205,2026-03-12,LIQ TARJETA DEBITO MAESTRO BDV-LIQ TARJETA DEBITO MAESTRO BDV,CREDIT,120.48,VENEZUELA MERCHANT,01020684710000014766,110108,0006,CD-0017425,VES
P-8 2026 12 al 12 38,2026-04-30,UNRECONCILED,D12600213,2026-03-12,LIQ TARJETA DEBITO MAESTRO BDV-LIQ TARJETA DEBITO MAESTRO BDV,CREDIT,67807.73,VENEZUELA MERCHANT,01020684710000014766,110108,0006,CD-0017425,VES
P-8 2026 12 al 12 38,2026-04-30,UNRECONCILED,D12900423,2026-03-12,LIQ TARJETA DEBITO MAESTRO BDV-LIQ TARJETA DEBITO MAESTRO BDV,CREDIT,12002.14,VENEZUELA MERCHANT,01020684710000014766,110108,0006,CD-0017425,VES
P-8 2026 12 al 12 38,2026-04-30,UNRECONCILED,D13100756,2026-03-12,LIQ TARJETA DEBITO MAESTRO BDV-LIQ TARJETA DEBITO MAESTRO BDV,CREDIT,42346.89,VENEZUELA MERCHANT,01020684710000014766,110108,0006,CD-0017425,VES
P-8 2026 12 al 12 38,2026-04-30,UNRECONCILED,M135001,2026-03-12,LIQ MONEDERO PATRIA-LIQ MONEDERO PATRIA,CREDIT,591.0,VENEZUELA MERCHANT,01020684710000014766,110108,0006,CD-0003677,VES
P-8 2026 12 al 12 38,2026-04-30,UNRECONCILED,D13500937,2026-03-12,LIQ TARJETA DEBITO MAESTRO BDV-LIQ TARJETA DEBITO MAESTRO BDV,CREDIT,4534.7,VENEZUELA MERCHANT,01020684710000014766,110108,0006,CD-0017425,VES
P-8 2026 12 al 12 38,2026-04-30,UNRECONCILED,D13600400,2026-03-12,LIQ TARJETA DEBITO MAESTRO BDV-LIQ TARJETA DEBITO MAESTRO BDV,CREDIT,4936.77,VENEZUELA MERCHANT,01020684710000014766,110108,0006,CD-0017425,VES
P-8 2026 12 al 12 38,2026-04-30,UNRECONCILED,D13700010,2026-03-12,LIQ TARJETA DEBITO MAESTRO BDV-LIQ TARJETA DEBITO MAESTRO BDV,CREDIT,108891.02,VENEZUELA MERCHANT,01020684710000014766,110108,0006,CD-0017425,VES
P-8 2026 12 al 12 38,2026-04-30,UNRECONCILED,C13700010,2026-03-12,LIQ TARJETA DEBITO ELECTRON BD-LIQ TARJETA DEBITO ELECTRON BD,CREDIT,419.64,VENEZUELA MERCHANT,01020684710000014766,110108,0006,CD-0017426,VES
P-8 2026 12 al 12 38,2026-04-30,UNRECONCILED,D13700510,2026-03-12,LIQ TARJETA DEBITO MAESTRO BDV-LIQ TARJETA DEBITO MAESTRO BDV,CREDIT,298221.79,VENEZUELA MERCHANT,01020684710000014766,110108,0006,CD-0017425,VES
P-8 2026 12 al 12 38,2026-04-30,UNRECONCILED,D14200218,2026-03-12,LIQ TARJETA DEBITO MAESTRO BDV-LIQ TARJETA DEBITO MAESTRO BDV,CREDIT,14754.01,VENEZUELA MERCHANT,01020684710000014766,110108,0006,CD-0017425,VES
P-8 2026 12 al 12 38,2026-04-30,UNRECONCILED,D14200225,2026-03-12,LIQ TARJETA DEBITO MAESTRO BDV-LIQ TARJETA DEBITO MAESTRO BDV,CREDIT,130967.55,VENEZUELA MERCHANT,01020684710000014766,110108,0006,CD-0017425,VES
P-8 2026 12 al 12 38,2026-04-30,UNRECONCILED,D14200630,2026-03-12,LIQ TARJETA DEBITO MAESTRO BDV-LIQ TARJETA DEBITO MAESTRO BDV,CREDIT,1141.46,VENEZUELA MERCHANT,01020684710000014766,110108,0006,CD-0017425,VES
P-8 2026 12 al 12 38,2026-04-30,UNRECONCILED,D14200709,2026-03-12,LIQ TARJETA DEBITO MAESTRO BDV-LIQ TARJETA DEBITO MAESTRO BDV,CREDIT,15165.46,VENEZUELA MERCHANT,01020684710000014766,110108,0006,CD-0017425,VES
P-8 2026 12 al 12 38,2026-04-30,UNRECONCILED,M143001,2026-03-12,LIQ MONEDERO PATRIA-LIQ MONEDERO PATRIA,CREDIT,20432.51,VENEZUELA MERCHANT,01020684710000014766,110108,0006,CD-0003677,VES
P-8 2026 12 al 12 38,2026-04-30,UNRECONCILED,D15800323,2026-03-12,LIQ TARJETA DEBITO MAESTRO BDV-LIQ TARJETA DEBITO MAESTRO BDV,CREDIT,10061.13,VENEZUELA MERCHANT,01020684710000014766,110108,0006,CD-0017425,VES
P-8 2026 12 al 12 38,2026-04-30,UNRECONCILED,D15800408,2026-03-12,LIQ TARJETA DEBITO MAESTRO BDV-LIQ TARJETA DEBITO MAESTRO BDV,CREDIT,6466.98,VENEZUELA MERCHANT,01020684710000014766,110108,0006,CD-0017425,VES
P-8 2026 12 al 12 38,2026-04-30,UNRECONCILED,C18200172,2026-03-12,LIQUIDACION T CREDITO VS MC BD-LIQUIDACION T CREDITO VS MC BD,CREDIT,10983.96,VENEZUELA MERCHANT,01020684710000014766,110108,0006,CD-0017430,VES
P-8 2026 12 al 12 38,2026-04-30,UNRECONCILED,C18200172,2026-03-12,LIQ TARJETA DEBITO ELECTRON BD-LIQ TARJETA DEBITO ELECTRON BD,CREDIT,419.64,VENEZUELA MERCHANT,01020684710000014766,110108,0006,CD-0017426,VES
P-8 2026 12 al 12 38,2026-04-30,UNRECONCILED,M194001,2026-03-12,LIQ MONEDERO PATRIA-LIQ MONEDERO PATRIA,CREDIT,22137.8,VENEZUELA MERCHANT,01020684710000014766,110108,0006,CD-0003677,VES
P-8 2026 12 al 12 38,2026-04-30,UNRECONCILED,D19400043,2026-03-12,LIQ TARJETA DEBITO MAESTRO BDV-LIQ TARJETA DEBITO MAESTRO BDV,CREDIT,17376.42,VENEZUELA MERCHANT,01020684710000014766,110108,0006,CD-0017425,VES
P-8 2026 12 al 12 38,2026-04-30,UNRECONCILED,D20400417,2026-03-12,LIQ TARJETA DEBITO MAESTRO BDV-LIQ TARJETA DEBITO MAESTRO BDV,CREDIT,42688.38,VENEZUELA MERCHANT,01020684710000014766,110108,0006,CD-0017425,VES
P-8 2026 12 al 12 38,2026-04-30,UNRECONCILED,D20500539,2026-03-12,LIQ TARJETA DEBITO MAESTRO BDV-LIQ TARJETA DEBITO MAESTRO BDV,CREDIT,17085.53,VENEZUELA MERCHANT,01020684710000014766,110108,0006,CD-0017425,VES
P-8 2026 12 al 12 38,2026-04-30,UNRECONCILED,D27900441,2026-03-12,LIQ TARJETA DEBITO MAESTRO BDV-LIQ TARJETA DEBITO MAESTRO BDV,CREDIT,134931.79,VENEZUELA MERCHANT,01020684710000014766,110108,0006,CD-0017425,VES
P-8 2026 12 al 12 38,2026-04-30,UNRECONCILED,D28100915,2026-03-12,LIQ TARJETA DEBITO MAESTRO BDV-LIQ TARJETA DEBITO MAESTRO BDV,CREDIT,79542.63,VENEZUELA MERCHANT,01020684710000014766,110108,0006,CD-0017425,VES
P-8 2026 12 al 12 38,2026-04-30,UNRECONCILED,D28600967,2026-03-12,LIQ TARJETA DEBITO MAESTRO BDV-LIQ TARJETA DEBITO MAESTRO BDV,CREDIT,827.51,VENEZUELA MERCHANT,01020684710000014766,110108,0006,CD-0017425,VES
P-8 2026 12 al 12 38,2026-04-30,UNRECONCILED,D28600743,2026-03-12,LIQ TARJETA DEBITO MAESTRO BDV-LIQ TARJETA DEBITO MAESTRO BDV,CREDIT,8500.79,VENEZUELA MERCHANT,01020684710000014766,110108,0006,CD-0017425,VES
P-8 2026 12 al 12 38,2026-04-30,UNRECONCILED,D28700092,2026-03-12,LIQ TARJETA DEBITO MAESTRO BDV-LIQ TARJETA DEBITO MAESTRO BDV,CREDIT,188455.43,VENEZUELA MERCHANT,01020684710000014766,110108,0006,CD-0017425,VES
P-8 2026 12 al 12 38,2026-04-30,UNRECONCILED,C28700107,2026-03-12,LIQUIDACION T CREDITO VS MC BD-LIQUIDACION T CREDITO VS MC BD,CREDIT,11098.81,VENEZUELA MERCHANT,01020684710000014766,110108,0006,CD-0017430,VES
P-8 2026 12 al 12 38,2026-04-30,UNRECONCILED,D29700817,2026-03-12,LIQ TARJETA DEBITO MAESTRO BDV-LIQ TARJETA DEBITO MAESTRO BDV,CREDIT,8616.88,VENEZUELA MERCHANT,01020684710000014766,110108,0006,CD-0017425,VES
P-8 2026 12 al 12 38,2026-04-30,UNRECONCILED,D29800399,2026-03-12,LIQ TARJETA DEBITO MAESTRO BDV-LIQ TARJETA DEBITO MAESTRO BDV,CREDIT,16817.29,VENEZUELA MERCHANT,01020684710000014766,110108,0006,CD-0017425,VES
P-8 2026 12 al 12 38,2026-04-30,UNRECONCILED,D29800400,2026-03-12,LIQ TARJETA DEBITO MAESTRO BDV-LIQ TARJETA DEBITO MAESTRO BDV,CREDIT,117688.43,VENEZUELA MERCHANT,01020684710000014766,110108,0006,CD-0017425,VES
P-8 2026 12 al 12 38,2026-04-30,UNRECONCILED,D29800395,2026-03-12,LIQ TARJETA DEBITO MAESTRO BDV-LIQ TARJETA DEBITO MAESTRO BDV,CREDIT,47239.51,VENEZUELA MERCHANT,01020684710000014766,110108,0006,CD-0017425,VES
P-8 2026 12 al 12 38,2026-04-30,UNRECONCILED,D30700033,2026-03-12,LIQ TARJETA DEBITO MAESTRO BDV-LIQ TARJETA DEBITO MAESTRO BDV,CREDIT,26962.43,VENEZUELA MERCHANT,01020684710000014766,110108,0006,CD-0017425,VES
P-8 2026 12 al 12 38,2026-04-30,UNRECONCILED,D30700040,2026-03-12,LIQ TARJETA DEBITO MAESTRO BDV-LIQ TARJETA DEBITO MAESTRO BDV,CREDIT,10826.58,VENEZUELA MERCHANT,01020684710000014766,110108,0006,CD-0017425,VES
P-8 2026 12 al 12 38,2026-04-30,UNRECONCILED,D30700033,2026-03-12,LIQ TARJETA DEBITO MAESTRO BDV-LIQ TARJETA DEBITO MAESTRO BDV,CREDIT,7219.78,VENEZUELA MERCHANT,01020684710000014766,110108,0006,CD-0017425,VES
P-8 2026 12 al 12 38,2026-04-30,UNRECONCILED,D31300870,2026-03-12,LIQ TARJETA DEBITO MAESTRO BDV-LIQ TARJETA DEBITO MAESTRO BDV,CREDIT,67396.36,VENEZUELA MERCHANT,01020684710000014766,110108,0006,CD-0017425,VES
P-8 2026 12 al 12 38,2026-04-30,UNRECONCILED,D32200490,2026-03-12,LIQ TARJETA DEBITO MAESTRO BDV-LIQ TARJETA DEBITO MAESTRO BDV,CREDIT,15934.69,VENEZUELA MERCHANT,01020684710000014766,110108,0006,CD-0017425,VES
P-8 2026 12 al 12 38,2026-04-30,UNRECONCILED,D33000227,2026-03-12,LIQ TARJETA DEBITO MAESTRO BDV-LIQ TARJETA DEBITO MAESTRO BDV,CREDIT,8280.09,VENEZUELA MERCHANT,01020684710000014766,110108,0006,CD-0017425,VES
P-8 2026 12 al 12 38,2026-04-30,UNRECONCILED,D41900752,2026-03-12,LIQ TARJETA DEBITO MAESTRO BDV-LIQ TARJETA DEBITO MAESTRO BDV,CREDIT,26604.7,VENEZUELA MERCHANT,01020684710000014766,110108,0006,CD-0017425,VES
P-8 2026 12 al 12 38,2026-04-30,UNRECONCILED,D42800733,2026-03-12,LIQ TARJETA DEBITO MAESTRO BDV-LIQ TARJETA DEBITO MAESTRO BDV,CREDIT,80.61,VENEZUELA MERCHANT,01020684710000014766,110108,0006,CD-0017425,VES
P-8 2026 12 al 12 38,2026-04-30,UNRECONCILED,D42800655,2026-03-12,LIQ TARJETA DEBITO MAESTRO BDV-LIQ TARJETA DEBITO MAESTRO BDV,CREDIT,6478.32,VENEZUELA MERCHANT,01020684710000014766,110108,0006,CD-0017425,VES
P-8 2026 12 al 12 38,2026-04-30,UNRECONCILED,D42800653,2026-03-12,LIQ TARJETA DEBITO MAESTRO BDV-LIQ TARJETA DEBITO MAESTRO BDV,CREDIT,9186.64,VENEZUELA MERCHANT,01020684710000014766,110108,0006,CD-0017425,VES
P-8 2026 12 al 12 38,2026-04-30,UNRECONCILED,D42800737,2026-03-12,LIQ TARJETA DEBITO MAESTRO BDV-LIQ TARJETA DEBITO MAESTRO BDV,CREDIT,5957.87,VENEZUELA MERCHANT,01020684710000014766,110108,0006,CD-0017425,VES
P-8 2026 12 al 12 38,2026-04-30,UNRECONCILED,D42800738,2026-03-12,LIQ TARJETA DEBITO MAESTRO BDV-LIQ TARJETA DEBITO MAESTRO BDV,CREDIT,84095.39,VENEZUELA MERCHANT,01020684710000014766,110108,0006,CD-0017425,VES
P-8 2026 12 al 12 38,2026-04-30,UNRECONCILED,D42800731,2026-03-12,LIQ TARJETA DEBITO MAESTRO BDV-LIQ TARJETA DEBITO MAESTRO BDV,CREDIT,2036.93,VENEZUELA MERCHANT,01020684710000014766,110108,0006,CD-0017425,VES
P-8 2026 12 al 12 38,2026-04-30,UNRECONCILED,D42800732,2026-03-12,LIQ TARJETA DEBITO MAESTRO BDV-LIQ TARJETA DEBITO MAESTRO BDV,CREDIT,46166.96,VENEZUELA MERCHANT,01020684710000014766,110108,0006,CD-0017425,VES
P-8 2026 12 al 12 38,2026-04-30,UNRECONCILED,D42800444,2026-03-12,LIQ TARJETA DEBITO MAESTRO BDV-LIQ TARJETA DEBITO MAESTRO BDV,CREDIT,428.71,VENEZUELA MERCHANT,01020684710000014766,110108,0006,CD-0017425,VES
P-8 2026 12 al 12 38,2026-04-30,UNRECONCILED,D42800445,2026-03-12,LIQ TARJETA DEBITO MAESTRO BDV-LIQ TARJETA DEBITO MAESTRO BDV,CREDIT,19676.84,VENEZUELA MERCHANT,01020684710000014766,110108,0006,CD-0017425,VES
P-8 2026 12 al 12 38,2026-04-30,UNRECONCILED,D42800735,2026-03-12,LIQ TARJETA DEBITO MAESTRO BDV-LIQ TARJETA DEBITO MAESTRO BDV,CREDIT,896.26,VENEZUELA MERCHANT,01020684710000014766,110108,0006,CD-0017425,VES
P-8 2026 12 al 12 38,2026-04-30,UNRECONCILED,D42800736,2026-03-12,LIQ TARJETA DEBITO MAESTRO BDV-LIQ TARJETA DEBITO MAESTRO BDV,CREDIT,35353.92,VENEZUELA MERCHANT,01020684710000014766,110108,0006,CD-0017425,VES
P-8 2026 12 al 12 38,2026-04-30,UNRECONCILED,D42800523,2026-03-12,LIQ TARJETA DEBITO MAESTRO BDV-LIQ TARJETA DEBITO MAESTRO BDV,CREDIT,15677.0,VENEZUELA MERCHANT,01020684710000014766,110108,0006,CD-0017425,VES
P-8 2026 12 al 12 38,2026-04-30,UNRECONCILED,D42800648,2026-03-12,LIQ TARJETA DEBITO MAESTRO BDV-LIQ TARJETA DEBITO MAESTRO BDV,CREDIT,7626.03,VENEZUELA MERCHANT,01020684710000014766,110108,0006,CD-0017425,VES
P-8 2026 12 al 12 38,2026-04-30,UNRECONCILED,D42800649,2026-03-12,LIQ TARJETA DEBITO MAESTRO BDV-LIQ TARJETA DEBITO MAESTRO BDV,CREDIT,44432.75,VENEZUELA MERCHANT,01020684710000014766,110108,0006,CD-0017425,VES
P-8 2026 12 al 12 38,2026-04-30,UNRECONCILED,D42800558,2026-03-12,LIQ TARJETA DEBITO MAESTRO BDV-LIQ TARJETA DEBITO MAESTRO BDV,CREDIT,418.32,VENEZUELA MERCHANT,01020684710000014766,110108,0006,CD-0017425,VES
P-8 2026 12 al 12 38,2026-04-30,UNRECONCILED,D42800722,2026-03-12,LIQ TARJETA DEBITO MAESTRO BDV-LIQ TARJETA DEBITO MAESTRO BDV,CREDIT,9337.5,VENEZUELA MERCHANT,01020684710000014766,110108,0006,CD-0017425,VES
P-8 2026 12 al 12 38,2026-04-30,UNRECONCILED,D42800559,2026-03-12,LIQ TARJETA DEBITO MAESTRO BDV-LIQ TARJETA DEBITO MAESTRO BDV,CREDIT,18747.57,VENEZUELA MERCHANT,01020684710000014766,110108,0006,CD-0017425,VES
P-8 2026 12 al 12 38,2026-04-30,UNRECONCILED,D42800723,2026-03-12,LIQ TARJETA DEBITO MAESTRO BDV-LIQ TARJETA DEBITO MAESTRO BDV,CREDIT,87129.73,VENEZUELA MERCHANT,01020684710000014766,110108,0006,CD-0017425,VES
P-8 2026 12 al 12 38,2026-04-30,UNRECONCILED,M440001,2026-03-12,LIQ MONEDERO PATRIA-LIQ MONEDERO PATRIA,CREDIT,4502.93,VENEZUELA MERCHANT,01020684710000014766,110108,0006,CD-0003677,VES
P-8 2026 12 al 12 38,2026-04-30,UNRECONCILED,C48000897,2026-03-12,LIQUIDACION T CREDITO VS MC BD-LIQUIDACION T CREDITO VS MC BD,CREDIT,4240.56,VENEZUELA MERCHANT,01020684710000014766,110108,0006,CD-0017430,VES
P-8 2026 12 al 12 38,2026-04-30,UNRECONCILED,D52100403,2026-03-12,LIQ TARJETA DEBITO MAESTRO BDV-LIQ TARJETA DEBITO MAESTRO BDV,CREDIT,65136.29,VENEZUELA MERCHANT,01020684710000014766,110108,0006,CD-0017425,VES
P-8 2026 12 al 12 38,2026-04-30,UNRECONCILED,D52100222,2026-03-12,LIQ TARJETA DEBITO MAESTRO BDV-LIQ TARJETA DEBITO MAESTRO BDV,CREDIT,68899.79,VENEZUELA MERCHANT,01020684710000014766,110108,0006,CD-0017425,VES
P-8 2026 12 al 12 38,2026-04-30,UNRECONCILED,D55000751,2026-03-12,LIQ TARJETA DEBITO MAESTRO BDV-LIQ TARJETA DEBITO MAESTRO BDV,CREDIT,33455.64,VENEZUELA MERCHANT,01020684710000014766,110108,0006,CD-0017425,VES
P-8 2026 12 al 12 38,2026-04-30,UNRECONCILED,D59500411,2026-03-12,LIQ TARJETA DEBITO MAESTRO BDV-LIQ TARJETA DEBITO MAESTRO BDV,CREDIT,6993.29,VENEZUELA MERCHANT,01020684710000014766,110108,0006,CD-0017425,VES
P-8 2026 12 al 12 38,2026-04-30,UNRECONCILED,D59500412,2026-03-12,LIQ TARJETA DEBITO MAESTRO BDV-LIQ TARJETA DEBITO MAESTRO BDV,CREDIT,239610.32,VENEZUELA MERCHANT,01020684710000014766,110108,0006,CD-0017425,VES
P-8 2026 12 al 12 38,2026-04-30,UNRECONCILED,M600001,2026-03-12,LIQ MONEDERO PATRIA-LIQ MONEDERO PATRIA,CREDIT,31729.31,VENEZUELA MERCHANT,01020684710000014766,110108,0006,CD-0003677,VES
P-8 2026 12 al 12 38,2026-04-30,UNRECONCILED,D60000338,2026-03-12,LIQ TARJETA DEBITO MAESTRO BDV-LIQ TARJETA DEBITO MAESTRO BDV,CREDIT,5743.32,VENEZUELA MERCHANT,01020684710000014766,110108,0006,CD-0017425,VES
P-8 2026 12 al 12 38,2026-04-30,UNRECONCILED,D60300220,2026-03-12,LIQ TARJETA DEBITO MAESTRO BDV-LIQ TARJETA DEBITO MAESTRO BDV,CREDIT,8242.4,VENEZUELA MERCHANT,01020684710000014766,110108,0006,CD-0017425,VES
P-8 2026 12 al 12 38,2026-04-30,UNRECONCILED,M605001,2026-03-12,LIQ MONEDERO PATRIA-LIQ MONEDERO PATRIA,CREDIT,10881.79,VENEZUELA MERCHANT,01020684710000014766,110108,0006,CD-0003677,VES
P-8 2026 12 al 12 38,2026-04-30,UNRECONCILED,D60500373,2026-03-12,LIQ TARJETA DEBITO MAESTRO BDV-LIQ TARJETA DEBITO MAESTRO BDV,CREDIT,6161.08,VENEZUELA MERCHANT,01020684710000014766,110108,0006,CD-0017425,VES
P-8 2026 12 al 12 38,2026-04-30,UNRECONCILED,D60500415,2026-03-12,LIQ TARJETA DEBITO MAESTRO BDV-LIQ TARJETA DEBITO MAESTRO BDV,CREDIT,26882.47,VENEZUELA MERCHANT,01020684710000014766,110108,0006,CD-0017425,VES
P-8 2026 12 al 12 38,2026-04-30,UNRECONCILED,D60500413,2026-03-12,LIQ TARJETA DEBITO MAESTRO BDV-LIQ TARJETA DEBITO MAESTRO BDV,CREDIT,13602.56,VENEZUELA MERCHANT,01020684710000014766,110108,0006,CD-0017425,VES
P-8 2026 12 al 12 38,2026-04-30,UNRECONCILED,D66600204,2026-03-12,LIQ TARJETA DEBITO MAESTRO BDV-LIQ TARJETA DEBITO MAESTRO BDV,CREDIT,39246.68,VENEZUELA MERCHANT,01020684710000014766,110108,0006,CD-0017425,VES
P-8 2026 12 al 12 38,2026-04-30,UNRECONCILED,D66700352,2026-03-12,LIQ TARJETA DEBITO MAESTRO BDV-LIQ TARJETA DEBITO MAESTRO BDV,CREDIT,16255.36,VENEZUELA MERCHANT,01020684710000014766,110108,0006,CD-0017425,VES
P-8 2026 12 al 12 38,2026-04-30,UNRECONCILED,D67000466,2026-03-12,LIQ TARJETA DEBITO MAESTRO BDV-LIQ TARJETA DEBITO MAESTRO BDV,CREDIT,13810.41,VENEZUELA MERCHANT,01020684710000014766,110108,0006,CD-0017425,VES
P-8 2026 12 al 12 38,2026-04-30,UNRECONCILED,D67100053,2026-03-12,LIQ TARJETA DEBITO MAESTRO BDV-LIQ TARJETA DEBITO MAESTRO BDV,CREDIT,26187.4,VENEZUELA MERCHANT,01020684710000014766,110108,0006,CD-0017425,VES
P-8 2026 12 al 12 38,2026-04-30,UNRECONCILED,D67100054,2026-03-12,LIQ TARJETA DEBITO MAESTRO BDV-LIQ TARJETA DEBITO MAESTRO BDV,CREDIT,77792.19,VENEZUELA MERCHANT,01020684710000014766,110108,0006,CD-0017425,VES
P-8 2026 12 al 12 38,2026-04-30,UNRECONCILED,D67100042,2026-03-12,LIQ TARJETA DEBITO MAESTRO BDV-LIQ TARJETA DEBITO MAESTRO BDV,CREDIT,16923.98,VENEZUELA MERCHANT,01020684710000014766,110108,0006,CD-0017425,VES
P-8 2026 12 al 12 38,2026-04-30,UNRECONCILED,D70400048,2026-03-12,LIQ TARJETA DEBITO MAESTRO BDV-LIQ TARJETA DEBITO MAESTRO BDV,CREDIT,172858.33,VENEZUELA MERCHANT,01020684710000014766,110108,0006,CD-0017425,VES
P-8 2026 12 al 12 38,2026-04-30,UNRECONCILED,BD1430011,2026-03-12,LIQUIDACION TDD BIOPAGOBDV-LIQUIDACION TDD BIOPAGOBDV,CREDIT,1620202.53,VENEZUELA MERCHANT,01020684710000014766,110108,0006,CD-0017403,VES
P-8 2026 12 al 12 38,2026-04-30,UNRECONCILED,BD6670011,2026-03-12,LIQUIDACION TDD BIOPAGOBDV-LIQUIDACION TDD BIOPAGOBDV,CREDIT,1211719.97,VENEZUELA MERCHANT,01020684710000014766,110108,0006,CD-0017403,VES
P-8 2026 12 al 12 38,2026-04-30,UNRECONCILED,BD1940011,2026-03-12,LIQUIDACION TDD BIOPAGOBDV-LIQUIDACION TDD BIOPAGOBDV,CREDIT,2023519.59,VENEZUELA MERCHANT,01020684710000014766,110108,0006,CD-0017403,VES
P-8 2026 12 al 12 38,2026-04-30,UNRECONCILED,BD1350011,2026-03-12,LIQUIDACION TDD BIOPAGOBDV-LIQUIDACION TDD BIOPAGOBDV,CREDIT,756782.34,VENEZUELA MERCHANT,01020684710000014766,110108,0006,CD-0017403,VES
P-8 2026 12 al 12 38,2026-04-30,UNRECONCILED,BD2810011,2026-03-12,LIQUIDACION TDD BIOPAGOBDV-LIQUIDACION TDD BIOPAGOBDV,CREDIT,855352.45,VENEZUELA MERCHANT,01020684710000014766,110108,0006,CD-0017403,VES
P-8 2026 12 al 12 38,2026-04-30,UNRECONCILED,BD6050011,2026-03-12,LIQUIDACION TDD BIOPAGOBDV-LIQUIDACION TDD BIOPAGOBDV,CREDIT,1869819.64,VENEZUELA MERCHANT,01020684710000014766,110108,0006,CD-0017403,VES
P-8 2026 12 al 12 38,2026-04-30,UNRECONCILED,BD1800011,2026-03-12,LIQUIDACION TDD BIOPAGOBDV-LIQUIDACION TDD BIOPAGOBDV,CREDIT,1617426.04,VENEZUELA MERCHANT,01020684710000014766,110108,0006,CD-0017403,VES
P-8 2026 12 al 12 38,2026-04-30,UNRECONCILED,BD4280011,2026-03-12,LIQUIDACION TDD BIOPAGOBDV-LIQUIDACION TDD BIOPAGOBDV,CREDIT,2914688.13,VENEZUELA MERCHANT,01020684710000014766,110108,0006,CD-0017403,VES
P-8 2026 12 al 12 38,2026-04-30,UNRECONCILED,BD1290011,2026-03-12,LIQUIDACION TDD BIOPAGOBDV-LIQUIDACION TDD BIOPAGOBDV,CREDIT,691489.95,VENEZUELA MERCHANT,01020684710000014766,110108,0006,CD-0017403,VES
P-8 2026 12 al 12 38,2026-04-30,UNRECONCILED,BC1430011,2026-03-12,LIQUIDACION TDC BIOPAGOBDV-LIQUIDACION TDC BIOPAGOBDV,CREDIT,5486.28,VENEZUELA MERCHANT,01020684710000014766,110108,0006,CD-0017402,VES
P-8 2026 12 al 12 38,2026-04-30,UNRECONCILED,BD4400011,2026-03-12,LIQUIDACION TDD BIOPAGOBDV-LIQUIDACION TDD BIOPAGOBDV,CREDIT,4040654.52,VENEZUELA MERCHANT,01020684710000014766,110108,0006,CD-0017403,VES
P-8 2026 12 al 12 38,2026-04-30,UNRECONCILED,BC4240011,2026-03-12,LIQUIDACION TDC BIOPAGOBDV-LIQUIDACION TDC BIOPAGOBDV,CREDIT,694.64,VENEZUELA MERCHANT,01020684710000014766,110108,0006,CD-0017402,VES
P-8 2026 12 al 12 38,2026-04-30,UNRECONCILED,BD6000011,2026-03-12,LIQUIDACION TDD BIOPAGOBDV-LIQUIDACION TDD BIOPAGOBDV,CREDIT,1423416.25,VENEZUELA MERCHANT,01020684710000014766,110108,0006,CD-0017403,VES
P-8 2026 12 al 12 38,2026-04-30,UNRECONCILED,BD4830011,2026-03-12,LIQUIDACION TDD BIOPAGOBDV-LIQUIDACION TDD BIOPAGOBDV,CREDIT,1417259.21,VENEZUELA MERCHANT,01020684710000014766,110108,0006,CD-0017403,VES
P-8 2026 12 al 12 38,2026-04-30,UNRECONCILED,BD4240011,2026-03-12,LIQUIDACION TDD BIOPAGOBDV-LIQUIDACION TDD BIOPAGOBDV,CREDIT,3975916.17,VENEZUELA MERCHANT,01020684710000014766,110108,0006,CD-0017403,VES
P-9 2026 02 al 02 18,2026-04-30,UNRECONCILED,01046,2026-04-02,LIQ TARJETA DEBITO MAESTRO BDV-LIQ TARJETA DEBITO MAESTRO BDV,DEBIT,27024.54,VENEZUELA MERCHANT,01020684710000014766,110108,0006,DL-0017425,VES
P-9 2026 02 al 02 18,2026-04-30,UNRECONCILED,D59900004,2026-04-02,LIQ TARJETA DEBITO MAESTRO BDV-LIQ TARJETA DEBITO MAESTRO BDV,CREDIT,20896.3,VENEZUELA MERCHANT,01020684710000014766,110108,0006,CD-0017425,VES
P-9 2026 02 al 02 18,2026-04-30,UNRECONCILED,M100001,2026-04-02,LIQ MONEDERO PATRIA-LIQ MONEDERO PATRIA,CREDIT,36848.46,VENEZUELA MERCHANT,01020684710000014766,110108,0006,CD-0003677,VES
P-9 2026 02 al 02 18,2026-04-30,UNRECONCILED,D10000360,2026-04-02,LIQ TARJETA DEBITO MAESTRO BDV-LIQ TARJETA DEBITO MAESTRO BDV,CREDIT,16288.07,VENEZUELA MERCHANT,01020684710000014766,110108,0006,CD-0017425,VES
P-9 2026 02 al 02 18,2026-04-30,UNRECONCILED,D11000501,2026-04-02,LIQ TARJETA DEBITO MAESTRO BDV-LIQ TARJETA DEBITO MAESTRO BDV,CREDIT,316697.35,VENEZUELA MERCHANT,01020684710000014766,110108,0006,CD-0017425,VES
P-9 2026 02 al 02 18,2026-04-30,UNRECONCILED,D11000501,2026-04-02,LIQ TARJETA DEBITO MAESTRO BDV-LIQ TARJETA DEBITO MAESTRO BDV,CREDIT,177064.05,VENEZUELA MERCHANT,01020684710000014766,110108,0006,CD-0017425,VES
P-9 2026 02 al 02 18,2026-04-30,UNRECONCILED,D11000501,2026-04-02,LIQ TARJETA DEBITO MAESTRO BDV-LIQ TARJETA DEBITO MAESTRO BDV,CREDIT,219831.91,VENEZUELA MERCHANT,01020684710000014766,110108,0006,CD-0017425,VES
P-9 2026 02 al 02 18,2026-04-30,UNRECONCILED,D11000501,2026-04-02,LIQ TARJETA DEBITO MAESTRO BDV-LIQ TARJETA DEBITO MAESTRO BDV,CREDIT,161625.17,VENEZUELA MERCHANT,01020684710000014766,110108,0006,CD-0017425,VES
P-9 2026 02 al 02 18,2026-04-30,UNRECONCILED,D11000501,2026-04-02,LIQ TARJETA DEBITO MAESTRO BDV-LIQ TARJETA DEBITO MAESTRO BDV,CREDIT,57903.51,VENEZUELA MERCHANT,01020684710000014766,110108,0006,CD-0017425,VES
P-9 2026 02 al 02 18,2026-04-30,UNRECONCILED,D11000501,2026-04-02,LIQ TARJETA DEBITO MAESTRO BDV-LIQ TARJETA DEBITO MAESTRO BDV,CREDIT,136595.44,VENEZUELA MERCHANT,01020684710000014766,110108,0006,CD-0017425,VES
P-9 2026 02 al 02 18,2026-04-30,UNRECONCILED,D11900711,2026-04-02,LIQ TARJETA DEBITO MAESTRO BDV-LIQ TARJETA DEBITO MAESTRO BDV,CREDIT,14447.84,VENEZUELA MERCHANT,01020684710000014766,110108,0006,CD-0017425,VES
P-9 2026 02 al 02 18,2026-04-30,UNRECONCILED,C12100100,2026-04-02,LIQUIDACION T CREDITO VS MC BD-LIQUIDACION T CREDITO VS MC BD,CREDIT,5170.03,VENEZUELA MERCHANT,01020684710000014766,110108,0006,CD-0017430,VES
P-9 2026 02 al 02 18,2026-04-30,UNRECONCILED,D12600244,2026-04-02,LIQ TARJETA DEBITO MAESTRO BDV-LIQ TARJETA DEBITO MAESTRO BDV,CREDIT,89386.73,VENEZUELA MERCHANT,01020684710000014766,110108,0006,CD-0017425,VES
P-9 2026 02 al 02 18,2026-04-30,UNRECONCILED,D12600242,2026-04-02,LIQ TARJETA DEBITO MAESTRO BDV-LIQ TARJETA DEBITO MAESTRO BDV,CREDIT,49561.04,VENEZUELA MERCHANT,01020684710000014766,110108,0006,CD-0017425,VES
P-9 2026 02 al 02 18,2026-04-30,UNRECONCILED,D12600205,2026-04-02,LIQ TARJETA DEBITO MAESTRO BDV-LIQ TARJETA DEBITO MAESTRO BDV,CREDIT,31142.25,VENEZUELA MERCHANT,01020684710000014766,110108,0006,CD-0017425,VES
P-9 2026 02 al 02 18,2026-04-30,UNRECONCILED,D13400914,2026-04-02,LIQ TARJETA DEBITO MAESTRO BDV-LIQ TARJETA DEBITO MAESTRO BDV,CREDIT,197591.12,VENEZUELA MERCHANT,01020684710000014766,110108,0006,CD-0017425,VES
P-9 2026 02 al 02 18,2026-04-30,UNRECONCILED,D13700031,2026-04-02,LIQ TARJETA DEBITO MAESTRO BDV-LIQ TARJETA DEBITO MAESTRO BDV,CREDIT,135900.34,VENEZUELA MERCHANT,01020684710000014766,110108,0006,CD-0017425,VES
P-9 2026 02 al 02 18,2026-04-30,UNRECONCILED,C13700031,2026-04-02,LIQ TARJETA DEBITO ELECTRON BD-LIQ TARJETA DEBITO ELECTRON BD,CREDIT,19323.64,VENEZUELA MERCHANT,01020684710000014766,110108,0006,CD-0017426,VES
P-9 2026 02 al 02 18,2026-04-30,UNRECONCILED,C13700031,2026-04-02,LIQUIDACION T CREDITO VS MC BD-LIQUIDACION T CREDITO VS MC BD,CREDIT,69338.46,VENEZUELA MERCHANT,01020684710000014766,110108,0006,CD-0017430,VES
P-9 2026 02 al 02 18,2026-04-30,UNRECONCILED,D13900314,2026-04-02,LIQ TARJETA DEBITO MAESTRO BDV-LIQ TARJETA DEBITO MAESTRO BDV,CREDIT,7584.32,VENEZUELA MERCHANT,01020684710000014766,110108,0006,CD-0017425,VES
P-9 2026 02 al 02 18,2026-04-30,UNRECONCILED,D14200069,2026-04-02,LIQ TARJETA DEBITO MAESTRO BDV-LIQ TARJETA DEBITO MAESTRO BDV,CREDIT,7262.7,VENEZUELA MERCHANT,01020684710000014766,110108,0006,CD-0017425,VES
P-9 2026 02 al 02 18,2026-04-30,UNRECONCILED,D15300128,2026-04-02,LIQ TARJETA DEBITO MAESTRO BDV-LIQ TARJETA DEBITO MAESTRO BDV,CREDIT,123498.26,VENEZUELA MERCHANT,01020684710000014766,110108,0006,CD-0017425,VES
P-9 2026 02 al 02 18,2026-04-30,UNRECONCILED,M156001,2026-04-02,LIQ MONEDERO PATRIA-LIQ MONEDERO PATRIA,CREDIT,26331.11,VENEZUELA MERCHANT,01020684710000014766,110108,0006,CD-0003677,VES
P-9 2026 02 al 02 18,2026-04-30,UNRECONCILED,D16100847,2026-04-02,LIQ TARJETA DEBITO MAESTRO BDV-LIQ TARJETA DEBITO MAESTRO BDV,CREDIT,6622.4,VENEZUELA MERCHANT,01020684710000014766,110108,0006,CD-0017425,VES
P-9 2026 02 al 02 18,2026-04-30,UNRECONCILED,D16600947,2026-04-02,LIQ TARJETA DEBITO MAESTRO BDV-LIQ TARJETA DEBITO MAESTRO BDV,CREDIT,59861.36,VENEZUELA MERCHANT,01020684710000014766,110108,0006,CD-0017425,VES
P-9 2026 02 al 02 18,2026-04-30,UNRECONCILED,D16600947,2026-04-02,LIQ TARJETA DEBITO MAESTRO BDV-LIQ TARJETA DEBITO MAESTRO BDV,CREDIT,9416.92,VENEZUELA MERCHANT,01020684710000014766,110108,0006,CD-0017425,VES
P-9 2026 02 al 02 18,2026-04-30,UNRECONCILED,M180001,2026-04-02,LIQ MONEDERO PATRIA-LIQ MONEDERO PATRIA,CREDIT,26844.5,VENEZUELA MERCHANT,01020684710000014766,110108,0006,CD-0003677,VES
P-9 2026 02 al 02 18,2026-04-30,UNRECONCILED,D18000554,2026-04-02,LIQ TARJETA DEBITO MAESTRO BDV-LIQ TARJETA DEBITO MAESTRO BDV,CREDIT,9370.55,VENEZUELA MERCHANT,01020684710000014766,110108,0006,CD-0017425,VES
P-9 2026 02 al 02 18,2026-04-30,UNRECONCILED,D18000248,2026-04-02,LIQ TARJETA DEBITO MAESTRO BDV-LIQ TARJETA DEBITO MAESTRO BDV,CREDIT,12512.47,VENEZUELA MERCHANT,01020684710000014766,110108,0006,CD-0017425,VES
P-9 2026 02 al 02 18,2026-04-30,UNRECONCILED,D18900727,2026-04-02,LIQ TARJETA DEBITO MAESTRO BDV-LIQ TARJETA DEBITO MAESTRO BDV,CREDIT,545.52,VENEZUELA MERCHANT,01020684710000014766,110108,0006,CD-0017425,VES
P-9 2026 02 al 02 18,2026-04-30,UNRECONCILED,D18900728,2026-04-02,LIQ TARJETA DEBITO MAESTRO BDV-LIQ TARJETA DEBITO MAESTRO BDV,CREDIT,171503.29,VENEZUELA MERCHANT,01020684710000014766,110108,0006,CD-0017425,VES
P-9 2026 02 al 02 18,2026-04-30,UNRECONCILED,D19000971,2026-04-02,LIQ TARJETA DEBITO MAESTRO BDV-LIQ TARJETA DEBITO MAESTRO BDV,CREDIT,20687.58,VENEZUELA MERCHANT,01020684710000014766,110108,0006,CD-0017425,VES
P-9 2026 02 al 02 18,2026-04-30,UNRECONCILED,D19200590,2026-04-02,LIQ TARJETA DEBITO MAESTRO BDV-LIQ TARJETA DEBITO MAESTRO BDV,CREDIT,3403.79,VENEZUELA MERCHANT,01020684710000014766,110108,0006,CD-0017425,VES
P-9 2026 02 al 02 18,2026-04-30,UNRECONCILED,D19200784,2026-04-02,LIQ TARJETA DEBITO MAESTRO BDV-LIQ TARJETA DEBITO MAESTRO BDV,CREDIT,40207.09,VENEZUELA MERCHANT,01020684710000014766,110108,0006,CD-0017425,VES
P-9 2026 02 al 02 18,2026-04-30,UNRECONCILED,D19500180,2026-04-02,LIQ TARJETA DEBITO MAESTRO BDV-LIQ TARJETA DEBITO MAESTRO BDV,CREDIT,266497.24,VENEZUELA MERCHANT,01020684710000014766,110108,0006,CD-0017425,VES
P-9 2026 02 al 02 18,2026-04-30,UNRECONCILED,D19600443,2026-04-02,LIQ TARJETA DEBITO MAESTRO BDV-LIQ TARJETA DEBITO MAESTRO BDV,CREDIT,4556.71,VENEZUELA MERCHANT,01020684710000014766,110108,0006,CD-0017425,VES
P-9 2026 02 al 02 18,2026-04-30,UNRECONCILED,D19600443,2026-04-02,LIQ TARJETA DEBITO MAESTRO BDV-LIQ TARJETA DEBITO MAESTRO BDV,CREDIT,73711.84,VENEZUELA MERCHANT,01020684710000014766,110108,0006,CD-0017425,VES
P-9 2026 02 al 02 18,2026-04-30,UNRECONCILED,D19800460,2026-04-02,LIQ TARJETA DEBITO MAESTRO BDV-LIQ TARJETA DEBITO MAESTRO BDV,CREDIT,469287.48,VENEZUELA MERCHANT,01020684710000014766,110108,0006,CD-0017425,VES
P-9 2026 02 al 02 18,2026-04-30,UNRECONCILED,D20500212,2026-04-02,LIQ TARJETA DEBITO MAESTRO BDV-LIQ TARJETA DEBITO MAESTRO BDV,CREDIT,22562.28,VENEZUELA MERCHANT,01020684710000014766,110108,0006,CD-0017425,VES
P-9 2026 02 al 02 18,2026-04-30,UNRECONCILED,D20700755,2026-04-02,LIQ TARJETA DEBITO MAESTRO BDV-LIQ TARJETA DEBITO MAESTRO BDV,CREDIT,20793.81,VENEZUELA MERCHANT,01020684710000014766,110108,0006,CD-0017425,VES
P-9 2026 02 al 02 18,2026-04-30,UNRECONCILED,D20700755,2026-04-02,LIQ TARJETA DEBITO MAESTRO BDV-LIQ TARJETA DEBITO MAESTRO BDV,CREDIT,41239.88,VENEZUELA MERCHANT,01020684710000014766,110108,0006,CD-0017425,VES
P-9 2026 02 al 02 18,2026-04-30,UNRECONCILED,D20700784,2026-04-02,LIQ TARJETA DEBITO MAESTRO BDV-LIQ TARJETA DEBITO MAESTRO BDV,CREDIT,49339.78,VENEZUELA MERCHANT,01020684710000014766,110108,0006,CD-0017425,VES
P-9 2026 02 al 02 18,2026-04-30,UNRECONCILED,D20800116,2026-04-02,LIQ TARJETA DEBITO MAESTRO BDV-LIQ TARJETA DEBITO MAESTRO BDV,CREDIT,1308.99,VENEZUELA MERCHANT,01020684710000014766,110108,0006,CD-0017425,VES
P-9 2026 02 al 02 18,2026-04-30,UNRECONCILED,D20800117,2026-04-02,LIQ TARJETA DEBITO MAESTRO BDV-LIQ TARJETA DEBITO MAESTRO BDV,CREDIT,12459.44,VENEZUELA MERCHANT,01020684710000014766,110108,0006,CD-0017425,VES
P-9 2026 02 al 02 18,2026-04-30,UNRECONCILED,D20800118,2026-04-02,LIQ TARJETA DEBITO MAESTRO BDV-LIQ TARJETA DEBITO MAESTRO BDV,CREDIT,2564.36,VENEZUELA MERCHANT,01020684710000014766,110108,0006,CD-0017425,VES
P-9 2026 02 al 02 18,2026-04-30,UNRECONCILED,D20800109,2026-04-02,LIQ TARJETA DEBITO MAESTRO BDV-LIQ TARJETA DEBITO MAESTRO BDV,CREDIT,8608.79,VENEZUELA MERCHANT,01020684710000014766,110108,0006,CD-0017425,VES
P-9 2026 02 al 02 18,2026-04-30,UNRECONCILED,D20800119,2026-04-02,LIQ TARJETA DEBITO MAESTRO BDV-LIQ TARJETA DEBITO MAESTRO BDV,CREDIT,71877.42,VENEZUELA MERCHANT,01020684710000014766,110108,0006,CD-0017425,VES
P-9 2026 02 al 02 18,2026-04-30,UNRECONCILED,D20800129,2026-04-02,LIQ TARJETA DEBITO MAESTRO BDV-LIQ TARJETA DEBITO MAESTRO BDV,CREDIT,31963.01,VENEZUELA MERCHANT,01020684710000014766,110108,0006,CD-0017425,VES
P-9 2026 02 al 02 18,2026-04-30,UNRECONCILED,D20800130,2026-04-02,LIQ TARJETA DEBITO MAESTRO BDV-LIQ TARJETA DEBITO MAESTRO BDV,CREDIT,110526.96,VENEZUELA MERCHANT,01020684710000014766,110108,0006,CD-0017425,VES
P-9 2026 02 al 02 18,2026-04-30,UNRECONCILED,D20800128,2026-04-02,LIQ TARJETA DEBITO MAESTRO BDV-LIQ TARJETA DEBITO MAESTRO BDV,CREDIT,4994.36,VENEZUELA MERCHANT,01020684710000014766,110108,0006,CD-0017425,VES
P-9 2026 02 al 02 18,2026-04-30,UNRECONCILED,D20800129,2026-04-02,LIQ TARJETA DEBITO MAESTRO BDV-LIQ TARJETA DEBITO MAESTRO BDV,CREDIT,214019.17,VENEZUELA MERCHANT,01020684710000014766,110108,0006,CD-0017425,VES
P-9 2026 02 al 02 18,2026-04-30,UNRECONCILED,D20800124,2026-04-02,LIQ TARJETA DEBITO MAESTRO BDV-LIQ TARJETA DEBITO MAESTRO BDV,CREDIT,205235.45,VENEZUELA MERCHANT,01020684710000014766,110108,0006,CD-0017425,VES
P-9 2026 02 al 02 18,2026-04-30,UNRECONCILED,D20800124,2026-04-02,LIQ TARJETA DEBITO MAESTRO BDV-LIQ TARJETA DEBITO MAESTRO BDV,CREDIT,16085.65,VENEZUELA MERCHANT,01020684710000014766,110108,0006,CD-0017425,VES
P-9 2026 02 al 02 18,2026-04-30,UNRECONCILED,D20800127,2026-04-02,LIQ TARJETA DEBITO MAESTRO BDV-LIQ TARJETA DEBITO MAESTRO BDV,CREDIT,107313.73,VENEZUELA MERCHANT,01020684710000014766,110108,0006,CD-0017425,VES
P-9 2026 02 al 02 18,2026-04-30,UNRECONCILED,D20800119,2026-04-02,LIQ TARJETA DEBITO MAESTRO BDV-LIQ TARJETA DEBITO MAESTRO BDV,CREDIT,45568.88,VENEZUELA MERCHANT,01020684710000014766,110108,0006,CD-0017425,VES
P-9 2026 02 al 02 18,2026-04-30,UNRECONCILED,D20800113,2026-04-02,LIQ TARJETA DEBITO MAESTRO BDV-LIQ TARJETA DEBITO MAESTRO BDV,CREDIT,11610.0,VENEZUELA MERCHANT,01020684710000014766,110108,0006,CD-0017425,VES
P-9 2026 02 al 02 18,2026-04-30,UNRECONCILED,D20800118,2026-04-02,LIQ TARJETA DEBITO MAESTRO BDV-LIQ TARJETA DEBITO MAESTRO BDV,CREDIT,28710.29,VENEZUELA MERCHANT,01020684710000014766,110108,0006,CD-0017425,VES
P-9 2026 02 al 02 18,2026-04-30,UNRECONCILED,D20800119,2026-04-02,LIQ TARJETA DEBITO MAESTRO BDV-LIQ TARJETA DEBITO MAESTRO BDV,CREDIT,288581.22,VENEZUELA MERCHANT,01020684710000014766,110108,0006,CD-0017425,VES
P-9 2026 02 al 02 18,2026-04-30,UNRECONCILED,D20800116,2026-04-02,LIQ TARJETA DEBITO MAESTRO BDV-LIQ TARJETA DEBITO MAESTRO BDV,CREDIT,6146.91,VENEZUELA MERCHANT,01020684710000014766,110108,0006,CD-0017425,VES
P-9 2026 02 al 02 18,2026-04-30,UNRECONCILED,D20800117,2026-04-02,LIQ TARJETA DEBITO MAESTRO BDV-LIQ TARJETA DEBITO MAESTRO BDV,CREDIT,175919.33,VENEZUELA MERCHANT,01020684710000014766,110108,0006,CD-0017425,VES
P-9 2026 02 al 02 18,2026-04-30,UNRECONCILED,D20800117,2026-04-02,LIQ TARJETA DEBITO MAESTRO BDV-LIQ TARJETA DEBITO MAESTRO BDV,CREDIT,2650.42,VENEZUELA MERCHANT,01020684710000014766,110108,0006,CD-0017425,VES
P-9 2026 02 al 02 18,2026-04-30,UNRECONCILED,D20800118,2026-04-02,LIQ TARJETA DEBITO MAESTRO BDV-LIQ TARJETA DEBITO MAESTRO BDV,CREDIT,134942.84,VENEZUELA MERCHANT,01020684710000014766,110108,0006,CD-0017425,VES
P-9 2026 02 al 02 18,2026-04-30,UNRECONCILED,D20800117,2026-04-02,LIQ TARJETA DEBITO MAESTRO BDV-LIQ TARJETA DEBITO MAESTRO BDV,CREDIT,157777.5,VENEZUELA MERCHANT,01020684710000014766,110108,0006,CD-0017425,VES
P-9 2026 02 al 02 18,2026-04-30,UNRECONCILED,D20800127,2026-04-02,LIQ TARJETA DEBITO MAESTRO BDV-LIQ TARJETA DEBITO MAESTRO BDV,CREDIT,39537.18,VENEZUELA MERCHANT,01020684710000014766,110108,0006,CD-0017425,VES
P-9 2026 02 al 02 18,2026-04-30,UNRECONCILED,D20800128,2026-04-02,LIQ TARJETA DEBITO MAESTRO BDV-LIQ TARJETA DEBITO MAESTRO BDV,CREDIT,115796.94,VENEZUELA MERCHANT,01020684710000014766,110108,0006,CD-0017425,VES
P-9 2026 02 al 02 18,2026-04-30,UNRECONCILED,D27100256,2026-04-02,LIQ TARJETA DEBITO MAESTRO BDV-LIQ TARJETA DEBITO MAESTRO BDV,CREDIT,42579.88,VENEZUELA MERCHANT,01020684710000014766,110108,0006,CD-0017425,VES
P-9 2026 02 al 02 18,2026-04-30,UNRECONCILED,D27500208,2026-04-02,LIQ TARJETA DEBITO MAESTRO BDV-LIQ TARJETA DEBITO MAESTRO BDV,CREDIT,126352.26,VENEZUELA MERCHANT,01020684710000014766,110108,0006,CD-0017425,VES
P-9 2026 02 al 02 18,2026-04-30,UNRECONCILED,D27800441,2026-04-02,LIQ TARJETA DEBITO MAESTRO BDV-LIQ TARJETA DEBITO MAESTRO BDV,CREDIT,27660.43,VENEZUELA MERCHANT,01020684710000014766,110108,0006,CD-0017425,VES
P-9 2026 02 al 02 18,2026-04-30,UNRECONCILED,D27800441,2026-04-02,LIQ TARJETA DEBITO MAESTRO BDV-LIQ TARJETA DEBITO MAESTRO BDV,CREDIT,76076.98,VENEZUELA MERCHANT,01020684710000014766,110108,0006,CD-0017425,VES
P-9 2026 02 al 02 18,2026-04-30,UNRECONCILED,D28600692,2026-04-02,LIQ TARJETA DEBITO MAESTRO BDV-LIQ TARJETA DEBITO MAESTRO BDV,CREDIT,15495.97,VENEZUELA MERCHANT,01020684710000014766,110108,0006,CD-0017425,VES
P-9 2026 02 al 02 18,2026-04-30,UNRECONCILED,D30400534,2026-04-02,LIQ TARJETA DEBITO MAESTRO BDV-LIQ TARJETA DEBITO MAESTRO BDV,CREDIT,28721.82,VENEZUELA MERCHANT,01020684710000014766,110108,0006,CD-0017425,VES
P-9 2026 02 al 02 18,2026-04-30,UNRECONCILED,D30700055,2026-04-02,LIQ TARJETA DEBITO MAESTRO BDV-LIQ TARJETA DEBITO MAESTRO BDV,CREDIT,436.2,VENEZUELA MERCHANT,01020684710000014766,110108,0006,CD-0017425,VES
P-9 2026 02 al 02 18,2026-04-30,UNRECONCILED,D30700056,2026-04-02,LIQ TARJETA DEBITO MAESTRO BDV-LIQ TARJETA DEBITO MAESTRO BDV,CREDIT,38520.59,VENEZUELA MERCHANT,01020684710000014766,110108,0006,CD-0017425,VES
P-9 2026 02 al 02 18,2026-04-30,UNRECONCILED,D30700057,2026-04-02,LIQ TARJETA DEBITO MAESTRO BDV-LIQ TARJETA DEBITO MAESTRO BDV,CREDIT,10317.27,VENEZUELA MERCHANT,01020684710000014766,110108,0006,CD-0017425,VES
P-9 2026 02 al 02 18,2026-04-30,UNRECONCILED,D30700058,2026-04-02,LIQ TARJETA DEBITO MAESTRO BDV-LIQ TARJETA DEBITO MAESTRO BDV,CREDIT,24792.51,VENEZUELA MERCHANT,01020684710000014766,110108,0006,CD-0017425,VES
P-9 2026 02 al 02 18,2026-04-30,UNRECONCILED,D30700055,2026-04-02,LIQ TARJETA DEBITO MAESTRO BDV-LIQ TARJETA DEBITO MAESTRO BDV,CREDIT,81859.67,VENEZUELA MERCHANT,01020684710000014766,110108,0006,CD-0017425,VES
P-9 2026 02 al 02 18,2026-04-30,UNRECONCILED,D30700059,2026-04-02,LIQ TARJETA DEBITO MAESTRO BDV-LIQ TARJETA DEBITO MAESTRO BDV,CREDIT,16511.81,VENEZUELA MERCHANT,01020684710000014766,110108,0006,CD-0017425,VES
P-9 2026 02 al 02 18,2026-04-30,UNRECONCILED,D30700058,2026-04-02,LIQ TARJETA DEBITO MAESTRO BDV-LIQ TARJETA DEBITO MAESTRO BDV,CREDIT,14004.67,VENEZUELA MERCHANT,01020684710000014766,110108,0006,CD-0017425,VES
P-9 2026 02 al 02 18,2026-04-30,UNRECONCILED,D30700059,2026-04-02,LIQ TARJETA DEBITO MAESTRO BDV-LIQ TARJETA DEBITO MAESTRO BDV,CREDIT,84397.24,VENEZUELA MERCHANT,01020684710000014766,110108,0006,CD-0017425,VES
P-9 2026 02 al 02 18,2026-04-30,UNRECONCILED,D30700063,2026-04-02,LIQ TARJETA DEBITO MAESTRO BDV-LIQ TARJETA DEBITO MAESTRO BDV,CREDIT,36023.24,VENEZUELA MERCHANT,01020684710000014766,110108,0006,CD-0017425,VES
P-9 2026 02 al 02 18,2026-04-30,UNRECONCILED,D30700064,2026-04-02,LIQ TARJETA DEBITO MAESTRO BDV-LIQ TARJETA DEBITO MAESTRO BDV,CREDIT,144555.27,VENEZUELA MERCHANT,01020684710000014766,110108,0006,CD-0017425,VES
P-9 2026 02 al 02 18,2026-04-30,UNRECONCILED,D30700063,2026-04-02,LIQ TARJETA DEBITO MAESTRO BDV-LIQ TARJETA DEBITO MAESTRO BDV,CREDIT,77277.09,VENEZUELA MERCHANT,01020684710000014766,110108,0006,CD-0017425,VES
P-9 2026 02 al 02 18,2026-04-30,UNRECONCILED,D30700064,2026-04-02,LIQ TARJETA DEBITO MAESTRO BDV-LIQ TARJETA DEBITO MAESTRO BDV,CREDIT,61050.66,VENEZUELA MERCHANT,01020684710000014766,110108,0006,CD-0017425,VES
P-9 2026 02 al 02 18,2026-04-30,UNRECONCILED,D30700064,2026-04-02,LIQ TARJETA DEBITO MAESTRO BDV-LIQ TARJETA DEBITO MAESTRO BDV,CREDIT,41226.27,VENEZUELA MERCHANT,01020684710000014766,110108,0006,CD-0017425,VES
P-9 2026 02 al 02 18,2026-04-30,UNRECONCILED,D30700057,2026-04-02,LIQ TARJETA DEBITO MAESTRO BDV-LIQ TARJETA DEBITO MAESTRO BDV,CREDIT,4866.01,VENEZUELA MERCHANT,01020684710000014766,110108,0006,CD-0017425,VES
P-9 2026 02 al 02 18,2026-04-30,UNRECONCILED,D30700058,2026-04-02,LIQ TARJETA DEBITO MAESTRO BDV-LIQ TARJETA DEBITO MAESTRO BDV,CREDIT,95250.6,VENEZUELA MERCHANT,01020684710000014766,110108,0006,CD-0017425,VES
P-9 2026 02 al 02 18,2026-04-30,UNRECONCILED,D30700059,2026-04-02,LIQ TARJETA DEBITO MAESTRO BDV-LIQ TARJETA DEBITO MAESTRO BDV,CREDIT,68814.03,VENEZUELA MERCHANT,01020684710000014766,110108,0006,CD-0017425,VES
P-9 2026 02 al 02 18,2026-04-30,UNRECONCILED,D30700056,2026-04-02,LIQ TARJETA DEBITO MAESTRO BDV-LIQ TARJETA DEBITO MAESTRO BDV,CREDIT,40042.07,VENEZUELA MERCHANT,01020684710000014766,110108,0006,CD-0017425,VES
P-9 2026 02 al 02 18,2026-04-30,UNRECONCILED,D30700057,2026-04-02,LIQ TARJETA DEBITO MAESTRO BDV-LIQ TARJETA DEBITO MAESTRO BDV,CREDIT,177894.15,VENEZUELA MERCHANT,01020684710000014766,110108,0006,CD-0017425,VES
P-9 2026 02 al 02 18,2026-04-30,UNRECONCILED,D30700056,2026-04-02,LIQ TARJETA DEBITO MAESTRO BDV-LIQ TARJETA DEBITO MAESTRO BDV,CREDIT,62675.33,VENEZUELA MERCHANT,01020684710000014766,110108,0006,CD-0017425,VES
P-9 2026 02 al 02 18,2026-04-30,UNRECONCILED,D30700056,2026-04-02,LIQ TARJETA DEBITO MAESTRO BDV-LIQ TARJETA DEBITO MAESTRO BDV,CREDIT,63427.88,VENEZUELA MERCHANT,01020684710000014766,110108,0006,CD-0017425,VES
P-9 2026 02 al 02 18,2026-04-30,UNRECONCILED,D30700055,2026-04-02,LIQ TARJETA DEBITO MAESTRO BDV-LIQ TARJETA DEBITO MAESTRO BDV,CREDIT,35260.22,VENEZUELA MERCHANT,01020684710000014766,110108,0006,CD-0017425,VES
P-9 2026 02 al 02 18,2026-04-30,UNRECONCILED,D32200057,2026-04-02,LIQ TARJETA DEBITO MAESTRO BDV-LIQ TARJETA DEBITO MAESTRO BDV,CREDIT,14843.64,VENEZUELA MERCHANT,01020684710000014766,110108,0006,CD-0017425,VES
P-9 2026 02 al 02 18,2026-04-30,UNRECONCILED,D32300511,2026-04-02,LIQ TARJETA DEBITO MAESTRO BDV-LIQ TARJETA DEBITO MAESTRO BDV,CREDIT,97878.97,VENEZUELA MERCHANT,01020684710000014766,110108,0006,CD-0017425,VES
P-9 2026 02 al 02 18,2026-04-30,UNRECONCILED,D41900399,2026-04-02,LIQ TARJETA DEBITO MAESTRO BDV-LIQ TARJETA DEBITO MAESTRO BDV,CREDIT,32366.11,VENEZUELA MERCHANT,01020684710000014766,110108,0006,CD-0017425,VES
P-9 2026 02 al 02 18,2026-04-30,UNRECONCILED,D42100877,2026-04-02,LIQ TARJETA DEBITO MAESTRO BDV-LIQ TARJETA DEBITO MAESTRO BDV,CREDIT,16462.72,VENEZUELA MERCHANT,01020684710000014766,110108,0006,CD-0017425,VES
P-9 2026 02 al 02 18,2026-04-30,UNRECONCILED,D42600167,2026-04-02,LIQ TARJETA DEBITO MAESTRO BDV-LIQ TARJETA DEBITO MAESTRO BDV,CREDIT,36622.6,VENEZUELA MERCHANT,01020684710000014766,110108,0006,CD-0017425,VES
P-9 2026 02 al 02 18,2026-04-30,UNRECONCILED,D42600167,2026-04-02,LIQ TARJETA DEBITO MAESTRO BDV-LIQ TARJETA DEBITO MAESTRO BDV,CREDIT,4157.49,VENEZUELA MERCHANT,01020684710000014766,110108,0006,CD-0017425,VES
P-9 2026 02 al 02 18,2026-04-30,UNRECONCILED,D42800740,2026-04-02,LIQ TARJETA DEBITO MAESTRO BDV-LIQ TARJETA DEBITO MAESTRO BDV,CREDIT,41848.25,VENEZUELA MERCHANT,01020684710000014766,110108,0006,CD-0017425,VES
P-9 2026 02 al 02 18,2026-04-30,UNRECONCILED,D42800676,2026-04-02,LIQ TARJETA DEBITO MAESTRO BDV-LIQ TARJETA DEBITO MAESTRO BDV,CREDIT,134641.69,VENEZUELA MERCHANT,01020684710000014766,110108,0006,CD-0017425,VES
P-9 2026 02 al 02 18,2026-04-30,UNRECONCILED,D42800050,2026-04-02,LIQ TARJETA DEBITO MAESTRO BDV-LIQ TARJETA DEBITO MAESTRO BDV,CREDIT,10909.11,VENEZUELA MERCHANT,01020684710000014766,110108,0006,CD-0017425,VES
P-9 2026 02 al 02 18,2026-04-30,UNRECONCILED,D42800673,2026-04-02,LIQ TARJETA DEBITO MAESTRO BDV-LIQ TARJETA DEBITO MAESTRO BDV,CREDIT,43296.2,VENEZUELA MERCHANT,01020684710000014766,110108,0006,CD-0017425,VES
P-9 2026 02 al 02 18,2026-04-30,UNRECONCILED,D42800674,2026-04-02,LIQ TARJETA DEBITO MAESTRO BDV-LIQ TARJETA DEBITO MAESTRO BDV,CREDIT,179871.25,VENEZUELA MERCHANT,01020684710000014766,110108,0006,CD-0017425,VES
P-9 2026 02 al 02 18,2026-04-30,UNRECONCILED,D42800050,2026-04-02,LIQ TARJETA DEBITO MAESTRO BDV-LIQ TARJETA DEBITO MAESTRO BDV,CREDIT,14369.0,VENEZUELA MERCHANT,01020684710000014766,110108,0006,CD-0017425,VES
P-9 2026 02 al 02 18,2026-04-30,UNRECONCILED,D42800758,2026-04-02,LIQ TARJETA DEBITO MAESTRO BDV-LIQ TARJETA DEBITO MAESTRO BDV,CREDIT,20691.9,VENEZUELA MERCHANT,01020684710000014766,110108,0006,CD-0017425,VES
P-9 2026 02 al 02 18,2026-04-30,UNRECONCILED,D42800759,2026-04-02,LIQ TARJETA DEBITO MAESTRO BDV-LIQ TARJETA DEBITO MAESTRO BDV,CREDIT,87015.48,VENEZUELA MERCHANT,01020684710000014766,110108,0006,CD-0017425,VES
P-9 2026 02 al 02 18,2026-04-30,UNRECONCILED,D42800753,2026-04-02,LIQ TARJETA DEBITO MAESTRO BDV-LIQ TARJETA DEBITO MAESTRO BDV,CREDIT,201422.89,VENEZUELA MERCHANT,01020684710000014766,110108,0006,CD-0017425,VES
P-9 2026 02 al 02 18,2026-04-30,UNRECONCILED,D42800752,2026-04-02,LIQ TARJETA DEBITO MAESTRO BDV-LIQ TARJETA DEBITO MAESTRO BDV,CREDIT,35837.33,VENEZUELA MERCHANT,01020684710000014766,110108,0006,CD-0017425,VES
P-9 2026 02 al 02 18,2026-04-30,UNRECONCILED,D42800465,2026-04-02,LIQ TARJETA DEBITO MAESTRO BDV-LIQ TARJETA DEBITO MAESTRO BDV,CREDIT,23928.0,VENEZUELA MERCHANT,01020684710000014766,110108,0006,CD-0017425,VES
P-9 2026 02 al 02 18,2026-04-30,UNRECONCILED,D42800466,2026-04-02,LIQ TARJETA DEBITO MAESTRO BDV-LIQ TARJETA DEBITO MAESTRO BDV,CREDIT,34373.27,VENEZUELA MERCHANT,01020684710000014766,110108,0006,CD-0017425,VES
P-9 2026 02 al 02 18,2026-04-30,UNRECONCILED,D42800050,2026-04-02,LIQ TARJETA DEBITO MAESTRO BDV-LIQ TARJETA DEBITO MAESTRO BDV,CREDIT,6106.86,VENEZUELA MERCHANT,01020684710000014766,110108,0006,CD-0017425,VES
P-9 2026 02 al 02 18,2026-04-30,UNRECONCILED,D42800756,2026-04-02,LIQ TARJETA DEBITO MAESTRO BDV-LIQ TARJETA DEBITO MAESTRO BDV,CREDIT,37396.58,VENEZUELA MERCHANT,01020684710000014766,110108,0006,CD-0017425,VES
P-9 2026 02 al 02 18,2026-04-30,UNRECONCILED,D42800757,2026-04-02,LIQ TARJETA DEBITO MAESTRO BDV-LIQ TARJETA DEBITO MAESTRO BDV,CREDIT,197408.37,VENEZUELA MERCHANT,01020684710000014766,110108,0006,CD-0017425,VES
P-9 2026 02 al 02 18,2026-04-30,UNRECONCILED,D42800543,2026-04-02,LIQ TARJETA DEBITO MAESTRO BDV-LIQ TARJETA DEBITO MAESTRO BDV,CREDIT,25755.82,VENEZUELA MERCHANT,01020684710000014766,110108,0006,CD-0017425,VES
P-9 2026 02 al 02 18,2026-04-30,UNRECONCILED,D42800544,2026-04-02,LIQ TARJETA DEBITO MAESTRO BDV-LIQ TARJETA DEBITO MAESTRO BDV,CREDIT,235847.45,VENEZUELA MERCHANT,01020684710000014766,110108,0006,CD-0017425,VES
P-9 2026 02 al 02 18,2026-04-30,UNRECONCILED,D42800669,2026-04-02,LIQ TARJETA DEBITO MAESTRO BDV-LIQ TARJETA DEBITO MAESTRO BDV,CREDIT,62465.17,VENEZUELA MERCHANT,01020684710000014766,110108,0006,CD-0017425,VES
P-9 2026 02 al 02 18,2026-04-30,UNRECONCILED,D42800670,2026-04-02,LIQ TARJETA DEBITO MAESTRO BDV-LIQ TARJETA DEBITO MAESTRO BDV,CREDIT,78911.24,VENEZUELA MERCHANT,01020684710000014766,110108,0006,CD-0017425,VES
P-9 2026 02 al 02 18,2026-04-30,UNRECONCILED,D42800579,2026-04-02,LIQ TARJETA DEBITO MAESTRO BDV-LIQ TARJETA DEBITO MAESTRO BDV,CREDIT,5594.26,VENEZUELA MERCHANT,01020684710000014766,110108,0006,CD-0017425,VES
P-9 2026 02 al 02 18,2026-04-30,UNRECONCILED,D42800580,2026-04-02,LIQ TARJETA DEBITO MAESTRO BDV-LIQ TARJETA DEBITO MAESTRO BDV,CREDIT,42238.37,VENEZUELA MERCHANT,01020684710000014766,110108,0006,CD-0017425,VES
P-9 2026 02 al 02 18,2026-04-30,UNRECONCILED,D42800744,2026-04-02,LIQ TARJETA DEBITO MAESTRO BDV-LIQ TARJETA DEBITO MAESTRO BDV,CREDIT,165070.03,VENEZUELA MERCHANT,01020684710000014766,110108,0006,CD-0017425,VES
P-9 2026 02 al 02 18,2026-04-30,UNRECONCILED,D42800743,2026-04-02,LIQ TARJETA DEBITO MAESTRO BDV-LIQ TARJETA DEBITO MAESTRO BDV,CREDIT,11049.51,VENEZUELA MERCHANT,01020684710000014766,110108,0006,CD-0017425,VES
P-9 2026 02 al 02 18,2026-04-30,UNRECONCILED,D44000023,2026-04-02,LIQ TARJETA DEBITO MAESTRO BDV-LIQ TARJETA DEBITO MAESTRO BDV,CREDIT,12211.21,VENEZUELA MERCHANT,01020684710000014766,110108,0006,CD-0017425,VES
P-9 2026 02 al 02 18,2026-04-30,UNRECONCILED,C48000904,2026-04-02,LIQUIDACION T CREDITO VS MC BD-LIQUIDACION T CREDITO VS MC BD,CREDIT,23151.14,VENEZUELA MERCHANT,01020684710000014766,110108,0006,CD-0017430,VES
P-9 2026 02 al 02 18,2026-04-30,UNRECONCILED,D48300625,2026-04-02,LIQ TARJETA DEBITO MAESTRO BDV-LIQ TARJETA DEBITO MAESTRO BDV,CREDIT,42953.03,VENEZUELA MERCHANT,01020684710000014766,110108,0006,CD-0017425,VES
P-9 2026 02 al 02 18,2026-04-30,UNRECONCILED,C48300083,2026-04-02,LIQUIDACION T CREDITO VS MC BD-LIQUIDACION T CREDITO VS MC BD,CREDIT,6472.63,VENEZUELA MERCHANT,01020684710000014766,110108,0006,CD-0017430,VES
P-9 2026 02 al 02 18,2026-04-30,UNRECONCILED,D50400245,2026-04-02,LIQ TARJETA DEBITO MAESTRO BDV-LIQ TARJETA DEBITO MAESTRO BDV,CREDIT,249216.69,VENEZUELA MERCHANT,01020684710000014766,110108,0006,CD-0017425,VES
P-9 2026 02 al 02 18,2026-04-30,UNRECONCILED,D50400245,2026-04-02,LIQ TARJETA DEBITO MAESTRO BDV-LIQ TARJETA DEBITO MAESTRO BDV,CREDIT,31392.95,VENEZUELA MERCHANT,01020684710000014766,110108,0006,CD-0017425,VES
P-9 2026 02 al 02 18,2026-04-30,UNRECONCILED,D50700511,2026-04-02,LIQ TARJETA DEBITO MAESTRO BDV-LIQ TARJETA DEBITO MAESTRO BDV,CREDIT,969.63,VENEZUELA MERCHANT,01020684710000014766,110108,0006,CD-0017425,VES
P-9 2026 02 al 02 18,2026-04-30,UNRECONCILED,D50700512,2026-04-02,LIQ TARJETA DEBITO MAESTRO BDV-LIQ TARJETA DEBITO MAESTRO BDV,CREDIT,15407.06,VENEZUELA MERCHANT,01020684710000014766,110108,0006,CD-0017425,VES
P-9 2026 02 al 02 18,2026-04-30,UNRECONCILED,D50700515,2026-04-02,LIQ TARJETA DEBITO MAESTRO BDV-LIQ TARJETA DEBITO MAESTRO BDV,CREDIT,35970.65,VENEZUELA MERCHANT,01020684710000014766,110108,0006,CD-0017425,VES
P-9 2026 02 al 02 18,2026-04-30,UNRECONCILED,D50700515,2026-04-02,LIQ TARJETA DEBITO MAESTRO BDV-LIQ TARJETA DEBITO MAESTRO BDV,CREDIT,44950.73,VENEZUELA MERCHANT,01020684710000014766,110108,0006,CD-0017425,VES
P-9 2026 02 al 02 18,2026-04-30,UNRECONCILED,D50700516,2026-04-02,LIQ TARJETA DEBITO MAESTRO BDV-LIQ TARJETA DEBITO MAESTRO BDV,CREDIT,130782.76,VENEZUELA MERCHANT,01020684710000014766,110108,0006,CD-0017425,VES
P-9 2026 02 al 02 18,2026-04-30,UNRECONCILED,D50700515,2026-04-02,LIQ TARJETA DEBITO MAESTRO BDV-LIQ TARJETA DEBITO MAESTRO BDV,CREDIT,8824.92,VENEZUELA MERCHANT,01020684710000014766,110108,0006,CD-0017425,VES
P-9 2026 02 al 02 18,2026-04-30,UNRECONCILED,D50700516,2026-04-02,LIQ TARJETA DEBITO MAESTRO BDV-LIQ TARJETA DEBITO MAESTRO BDV,CREDIT,74427.97,VENEZUELA MERCHANT,01020684710000014766,110108,0006,CD-0017425,VES
P-9 2026 02 al 02 18,2026-04-30,UNRECONCILED,D50700511,2026-04-02,LIQ TARJETA DEBITO MAESTRO BDV-LIQ TARJETA DEBITO MAESTRO BDV,CREDIT,264488.08,VENEZUELA MERCHANT,01020684710000014766,110108,0006,CD-0017425,VES
P-9 2026 02 al 02 18,2026-04-30,UNRECONCILED,D51000241,2026-04-02,LIQ TARJETA DEBITO MAESTRO BDV-LIQ TARJETA DEBITO MAESTRO BDV,CREDIT,108286.55,VENEZUELA MERCHANT,01020684710000014766,110108,0006,CD-0017425,VES
P-9 2026 02 al 02 18,2026-04-30,UNRECONCILED,D51000242,2026-04-02,LIQ TARJETA DEBITO MAESTRO BDV-LIQ TARJETA DEBITO MAESTRO BDV,CREDIT,53550.87,VENEZUELA MERCHANT,01020684710000014766,110108,0006,CD-0017425,VES
P-9 2026 02 al 02 18,2026-04-30,UNRECONCILED,D51000241,2026-04-02,LIQ TARJETA DEBITO MAESTRO BDV-LIQ TARJETA DEBITO MAESTRO BDV,CREDIT,3850.85,VENEZUELA MERCHANT,01020684710000014766,110108,0006,CD-0017425,VES
P-9 2026 02 al 02 18,2026-04-30,UNRECONCILED,D51000242,2026-04-02,LIQ TARJETA DEBITO MAESTRO BDV-LIQ TARJETA DEBITO MAESTRO BDV,CREDIT,113267.46,VENEZUELA MERCHANT,01020684710000014766,110108,0006,CD-0017425,VES
P-9 2026 02 al 02 18,2026-04-30,UNRECONCILED,D52100246,2026-04-02,LIQ TARJETA DEBITO MAESTRO BDV-LIQ TARJETA DEBITO MAESTRO BDV,CREDIT,14285.38,VENEZUELA MERCHANT,01020684710000014766,110108,0006,CD-0017425,VES
P-9 2026 02 al 02 18,2026-04-30,UNRECONCILED,D52100246,2026-04-02,LIQ TARJETA DEBITO MAESTRO BDV-LIQ TARJETA DEBITO MAESTRO BDV,CREDIT,9117.92,VENEZUELA MERCHANT,01020684710000014766,110108,0006,CD-0017425,VES
P-9 2026 02 al 02 18,2026-04-30,UNRECONCILED,D59100178,2026-04-02,LIQ TARJETA DEBITO MAESTRO BDV-LIQ TARJETA DEBITO MAESTRO BDV,CREDIT,100614.36,VENEZUELA MERCHANT,01020684710000014766,110108,0006,CD-0017425,VES
P-9 2026 02 al 02 18,2026-04-30,UNRECONCILED,D59300925,2026-04-02,LIQ TARJETA DEBITO MAESTRO BDV-LIQ TARJETA DEBITO MAESTRO BDV,CREDIT,35993.65,VENEZUELA MERCHANT,01020684710000014766,110108,0006,CD-0017425,VES
P-9 2026 02 al 02 18,2026-04-30,UNRECONCILED,D59300414,2026-04-02,LIQ TARJETA DEBITO MAESTRO BDV-LIQ TARJETA DEBITO MAESTRO BDV,CREDIT,386978.96,VENEZUELA MERCHANT,01020684710000014766,110108,0006,CD-0017425,VES
P-9 2026 02 al 02 18,2026-04-30,UNRECONCILED,D59300411,2026-04-02,LIQ TARJETA DEBITO MAESTRO BDV-LIQ TARJETA DEBITO MAESTRO BDV,CREDIT,12405.91,VENEZUELA MERCHANT,01020684710000014766,110108,0006,CD-0017425,VES
P-9 2026 02 al 02 18,2026-04-30,UNRECONCILED,D59500615,2026-04-02,LIQ TARJETA DEBITO MAESTRO BDV-LIQ TARJETA DEBITO MAESTRO BDV,CREDIT,42362.94,VENEZUELA MERCHANT,01020684710000014766,110108,0006,CD-0017425,VES
P-9 2026 02 al 02 18,2026-04-30,UNRECONCILED,D59900004,2026-04-02,LIQ TARJETA DEBITO MAESTRO BDV-LIQ TARJETA DEBITO MAESTRO BDV,CREDIT,16913.39,VENEZUELA MERCHANT,01020684710000014766,110108,0006,CD-0017425,VES
P-9 2026 02 al 02 18,2026-04-30,UNRECONCILED,M600001,2026-04-02,LIQ MONEDERO PATRIA-LIQ MONEDERO PATRIA,CREDIT,22172.31,VENEZUELA MERCHANT,01020684710000014766,110108,0006,CD-0003677,VES
P-9 2026 02 al 02 18,2026-04-30,UNRECONCILED,D60000360,2026-04-02,LIQ TARJETA DEBITO MAESTRO BDV-LIQ TARJETA DEBITO MAESTRO BDV,CREDIT,198136.88,VENEZUELA MERCHANT,01020684710000014766,110108,0006,CD-0017425,VES
P-9 2026 02 al 02 18,2026-04-30,UNRECONCILED,D60600221,2026-04-02,LIQ TARJETA DEBITO MAESTRO BDV-LIQ TARJETA DEBITO MAESTRO BDV,CREDIT,11270.66,VENEZUELA MERCHANT,01020684710000014766,110108,0006,CD-0017425,VES
P-9 2026 02 al 02 18,2026-04-30,UNRECONCILED,D66500796,2026-04-02,LIQ TARJETA DEBITO MAESTRO BDV-LIQ TARJETA DEBITO MAESTRO BDV,CREDIT,22896.74,VENEZUELA MERCHANT,01020684710000014766,110108,0006,CD-0017425,VES
P-9 2026 02 al 02 18,2026-04-30,UNRECONCILED,D66600225,2026-04-02,LIQ TARJETA DEBITO MAESTRO BDV-LIQ TARJETA DEBITO MAESTRO BDV,CREDIT,49973.61,VENEZUELA MERCHANT,01020684710000014766,110108,0006,CD-0017425,VES
P-9 2026 02 al 02 18,2026-04-30,UNRECONCILED,D66800404,2026-04-02,LIQ TARJETA DEBITO MAESTRO BDV-LIQ TARJETA DEBITO MAESTRO BDV,CREDIT,21460.19,VENEZUELA MERCHANT,01020684710000014766,110108,0006,CD-0017425,VES
P-9 2026 02 al 02 18,2026-04-30,UNRECONCILED,D66800404,2026-04-02,LIQ TARJETA DEBITO MAESTRO BDV-LIQ TARJETA DEBITO MAESTRO BDV,CREDIT,42159.39,VENEZUELA MERCHANT,01020684710000014766,110108,0006,CD-0017425,VES
P-9 2026 02 al 02 18,2026-04-30,UNRECONCILED,D66900073,2026-04-02,LIQ TARJETA DEBITO MAESTRO BDV-LIQ TARJETA DEBITO MAESTRO BDV,CREDIT,38773.36,VENEZUELA MERCHANT,01020684710000014766,110108,0006,CD-0017425,VES
P-9 2026 02 al 02 18,2026-04-30,UNRECONCILED,D66900073,2026-04-02,LIQ TARJETA DEBITO MAESTRO BDV-LIQ TARJETA DEBITO MAESTRO BDV,CREDIT,19206.14,VENEZUELA MERCHANT,01020684710000014766,110108,0006,CD-0017425,VES
P-9 2026 02 al 02 18,2026-04-30,UNRECONCILED,D66900074,2026-04-02,LIQ TARJETA DEBITO MAESTRO BDV-LIQ TARJETA DEBITO MAESTRO BDV,CREDIT,15423.77,VENEZUELA MERCHANT,01020684710000014766,110108,0006,CD-0017425,VES
P-9 2026 02 al 02 18,2026-04-30,UNRECONCILED,D66900043,2026-04-02,LIQ TARJETA DEBITO MAESTRO BDV-LIQ TARJETA DEBITO MAESTRO BDV,CREDIT,601.41,VENEZUELA MERCHANT,01020684710000014766,110108,0006,CD-0017425,VES
P-9 2026 02 al 02 18,2026-04-30,UNRECONCILED,D67100071,2026-04-02,LIQ TARJETA DEBITO MAESTRO BDV-LIQ TARJETA DEBITO MAESTRO BDV,CREDIT,14864.19,VENEZUELA MERCHANT,01020684710000014766,110108,0006,CD-0017425,VES
P-9 2026 02 al 02 18,2026-04-30,UNRECONCILED,D67100073,2026-04-02,LIQ TARJETA DEBITO MAESTRO BDV-LIQ TARJETA DEBITO MAESTRO BDV,CREDIT,35934.45,VENEZUELA MERCHANT,01020684710000014766,110108,0006,CD-0017425,VES
P-9 2026 02 al 02 18,2026-04-30,UNRECONCILED,D67500404,2026-04-02,LIQ TARJETA DEBITO MAESTRO BDV-LIQ TARJETA DEBITO MAESTRO BDV,CREDIT,18885.24,VENEZUELA MERCHANT,01020684710000014766,110108,0006,CD-0017425,VES
P-9 2026 02 al 02 18,2026-04-30,UNRECONCILED,D68200183,2026-04-02,LIQ TARJETA DEBITO MAESTRO BDV-LIQ TARJETA DEBITO MAESTRO BDV,CREDIT,63187.19,VENEZUELA MERCHANT,01020684710000014766,110108,0006,CD-0017425,VES
P-9 2026 02 al 02 18,2026-04-30,UNRECONCILED,D69900194,2026-04-02,LIQ TARJETA DEBITO MAESTRO BDV-LIQ TARJETA DEBITO MAESTRO BDV,CREDIT,7937.86,VENEZUELA MERCHANT,01020684710000014766,110108,0006,CD-0017425,VES
P-9 2026 02 al 02 18,2026-04-30,UNRECONCILED,D69900194,2026-04-02,LIQ TARJETA DEBITO MAESTRO BDV-LIQ TARJETA DEBITO MAESTRO BDV,CREDIT,183438.04,VENEZUELA MERCHANT,01020684710000014766,110108,0006,CD-0017425,VES
P-9 2026 02 al 02 18,2026-04-30,UNRECONCILED,D70000198,2026-04-02,LIQ TARJETA DEBITO MAESTRO BDV-LIQ TARJETA DEBITO MAESTRO BDV,CREDIT,4337.17,VENEZUELA MERCHANT,01020684710000014766,110108,0006,CD-0017425,VES
P-9 2026 02 al 02 18,2026-04-30,UNRECONCILED,D70000198,2026-04-02,LIQ TARJETA DEBITO MAESTRO BDV-LIQ TARJETA DEBITO MAESTRO BDV,CREDIT,108233.47,VENEZUELA MERCHANT,01020684710000014766,110108,0006,CD-0017425,VES
P-9 2026 02 al 02 18,2026-04-30,UNRECONCILED,M801001,2026-04-02,LIQ MONEDERO PATRIA-LIQ MONEDERO PATRIA,CREDIT,6284.22,VENEZUELA MERCHANT,01020684710000014766,110108,0006,CD-0003677,VES
P-9 2026 02 al 02 18,2026-04-30,UNRECONCILED,D80100119,2026-04-02,LIQ TARJETA DEBITO MAESTRO BDV-LIQ TARJETA DEBITO MAESTRO BDV,CREDIT,6288.56,VENEZUELA MERCHANT,01020684710000014766,110108,0006,CD-0017425,VES
P-9 2026 02 al 02 18,2026-04-30,UNRECONCILED,D80100120,2026-04-02,LIQ TARJETA DEBITO MAESTRO BDV-LIQ TARJETA DEBITO MAESTRO BDV,CREDIT,53567.87,VENEZUELA MERCHANT,01020684710000014766,110108,0006,CD-0017425,VES
P-9 2026 02 al 02 18,2026-04-30,UNRECONCILED,D80100110,2026-04-02,LIQ TARJETA DEBITO MAESTRO BDV-LIQ TARJETA DEBITO MAESTRO BDV,CREDIT,1638.21,VENEZUELA MERCHANT,01020684710000014766,110108,0006,CD-0017425,VES
P-9 2026 02 al 02 18,2026-04-30,UNRECONCILED,D80100123,2026-04-02,LIQ TARJETA DEBITO MAESTRO BDV-LIQ TARJETA DEBITO MAESTRO BDV,CREDIT,15195.22,VENEZUELA MERCHANT,01020684710000014766,110108,0006,CD-0017425,VES
P-9 2026 02 al 02 18,2026-04-30,UNRECONCILED,D80100124,2026-04-02,LIQ TARJETA DEBITO MAESTRO BDV-LIQ TARJETA DEBITO MAESTRO BDV,CREDIT,61416.28,VENEZUELA MERCHANT,01020684710000014766,110108,0006,CD-0017425,VES
P-9 2026 02 al 02 18,2026-04-30,UNRECONCILED,D80100075,2026-04-02,LIQ TARJETA DEBITO MAESTRO BDV-LIQ TARJETA DEBITO MAESTRO BDV,CREDIT,593.42,VENEZUELA MERCHANT,01020684710000014766,110108,0006,CD-0017425,VES
P-9 2026 02 al 02 18,2026-04-30,UNRECONCILED,D80100138,2026-04-02,LIQ TARJETA DEBITO MAESTRO BDV-LIQ TARJETA DEBITO MAESTRO BDV,CREDIT,64862.35,VENEZUELA MERCHANT,01020684710000014766,110108,0006,CD-0017425,VES
P-9 2026 02 al 02 18,2026-04-30,UNRECONCILED,D80100139,2026-04-02,LIQ TARJETA DEBITO MAESTRO BDV-LIQ TARJETA DEBITO MAESTRO BDV,CREDIT,158673.31,VENEZUELA MERCHANT,01020684710000014766,110108,0006,CD-0017425,VES
P-9 2026 02 al 02 18,2026-04-30,UNRECONCILED,D80100139,2026-04-02,LIQ TARJETA DEBITO MAESTRO BDV-LIQ TARJETA DEBITO MAESTRO BDV,CREDIT,154416.52,VENEZUELA MERCHANT,01020684710000014766,110108,0006,CD-0017425,VES
P-9 2026 02 al 02 18,2026-04-30,UNRECONCILED,D80100083,2026-04-02,LIQ TARJETA DEBITO MAESTRO BDV-LIQ TARJETA DEBITO MAESTRO BDV,CREDIT,1073.54,VENEZUELA MERCHANT,01020684710000014766,110108,0006,CD-0017425,VES
P-9 2026 02 al 02 18,2026-04-30,UNRECONCILED,D80100138,2026-04-02,LIQ TARJETA DEBITO MAESTRO BDV-LIQ TARJETA DEBITO MAESTRO BDV,CREDIT,63567.05,VENEZUELA MERCHANT,01020684710000014766,110108,0006,CD-0017425,VES
P-9 2026 02 al 02 18,2026-04-30,UNRECONCILED,D80100083,2026-04-02,LIQ TARJETA DEBITO MAESTRO BDV-LIQ TARJETA DEBITO MAESTRO BDV,CREDIT,4343.74,VENEZUELA MERCHANT,01020684710000014766,110108,0006,CD-0017425,VES
P-9 2026 02 al 02 18,2026-04-30,UNRECONCILED,D80100141,2026-04-02,LIQ TARJETA DEBITO MAESTRO BDV-LIQ TARJETA DEBITO MAESTRO BDV,CREDIT,40474.27,VENEZUELA MERCHANT,01020684710000014766,110108,0006,CD-0017425,VES
P-9 2026 02 al 02 18,2026-04-30,UNRECONCILED,D80100142,2026-04-02,LIQ TARJETA DEBITO MAESTRO BDV-LIQ TARJETA DEBITO MAESTRO BDV,CREDIT,161127.16,VENEZUELA MERCHANT,01020684710000014766,110108,0006,CD-0017425,VES
P-9 2026 02 al 02 18,2026-04-30,UNRECONCILED,D80100081,2026-04-02,LIQ TARJETA DEBITO MAESTRO BDV-LIQ TARJETA DEBITO MAESTRO BDV,CREDIT,7442.74,VENEZUELA MERCHANT,01020684710000014766,110108,0006,CD-0017425,VES
P-9 2026 02 al 02 18,2026-04-30,UNRECONCILED,D80100139,2026-04-02,LIQ TARJETA DEBITO MAESTRO BDV-LIQ TARJETA DEBITO MAESTRO BDV,CREDIT,10628.22,VENEZUELA MERCHANT,01020684710000014766,110108,0006,CD-0017425,VES
P-9 2026 02 al 02 18,2026-04-30,UNRECONCILED,D80100140,2026-04-02,LIQ TARJETA DEBITO MAESTRO BDV-LIQ TARJETA DEBITO MAESTRO BDV,CREDIT,132859.42,VENEZUELA MERCHANT,01020684710000014766,110108,0006,CD-0017425,VES
P-9 2026 02 al 02 18,2026-04-30,UNRECONCILED,D80100117,2026-04-02,LIQ TARJETA DEBITO MAESTRO BDV-LIQ TARJETA DEBITO MAESTRO BDV,CREDIT,3289.06,VENEZUELA MERCHANT,01020684710000014766,110108,0006,CD-0017425,VES
P-9 2026 02 al 02 18,2026-04-30,UNRECONCILED,D80100118,2026-04-02,LIQ TARJETA DEBITO MAESTRO BDV-LIQ TARJETA DEBITO MAESTRO BDV,CREDIT,44283.63,VENEZUELA MERCHANT,01020684710000014766,110108,0006,CD-0017425,VES
P-9 2026 02 al 02 18,2026-04-30,UNRECONCILED,D80100116,2026-04-02,LIQ TARJETA DEBITO MAESTRO BDV-LIQ TARJETA DEBITO MAESTRO BDV,CREDIT,9311.98,VENEZUELA MERCHANT,01020684710000014766,110108,0006,CD-0017425,VES
P-9 2026 02 al 02 18,2026-04-30,UNRECONCILED,D80100117,2026-04-02,LIQ TARJETA DEBITO MAESTRO BDV-LIQ TARJETA DEBITO MAESTRO BDV,CREDIT,10595.18,VENEZUELA MERCHANT,01020684710000014766,110108,0006,CD-0017425,VES
P-9 2026 02 al 02 18,2026-04-30,UNRECONCILED,D80100134,2026-04-02,LIQ TARJETA DEBITO MAESTRO BDV-LIQ TARJETA DEBITO MAESTRO BDV,CREDIT,59506.29,VENEZUELA MERCHANT,01020684710000014766,110108,0006,CD-0017425,VES
P-9 2026 02 al 02 18,2026-04-30,UNRECONCILED,D80100135,2026-04-02,LIQ TARJETA DEBITO MAESTRO BDV-LIQ TARJETA DEBITO MAESTRO BDV,CREDIT,290018.07,VENEZUELA MERCHANT,01020684710000014766,110108,0006,CD-0017425,VES
P-9 2026 02 al 02 18,2026-04-30,UNRECONCILED,D80100129,2026-04-02,LIQ TARJETA DEBITO MAESTRO BDV-LIQ TARJETA DEBITO MAESTRO BDV,CREDIT,5084.04,VENEZUELA MERCHANT,01020684710000014766,110108,0006,CD-0017425,VES
P-9 2026 02 al 02 18,2026-04-30,UNRECONCILED,D80100130,2026-04-02,LIQ TARJETA DEBITO MAESTRO BDV-LIQ TARJETA DEBITO MAESTRO BDV,CREDIT,144184.81,VENEZUELA MERCHANT,01020684710000014766,110108,0006,CD-0017425,VES
P-9 2026 02 al 02 18,2026-04-30,UNRECONCILED,D80100118,2026-04-02,LIQ TARJETA DEBITO MAESTRO BDV-LIQ TARJETA DEBITO MAESTRO BDV,CREDIT,102270.05,VENEZUELA MERCHANT,01020684710000014766,110108,0006,CD-0017425,VES
P-9 2026 02 al 02 18,2026-04-30,UNRECONCILED,D80100119,2026-04-02,LIQ TARJETA DEBITO MAESTRO BDV-LIQ TARJETA DEBITO MAESTRO BDV,CREDIT,224183.43,VENEZUELA MERCHANT,01020684710000014766,110108,0006,CD-0017425,VES
P-9 2026 02 al 02 18,2026-04-30,UNRECONCILED,D80100137,2026-04-02,LIQ TARJETA DEBITO MAESTRO BDV-LIQ TARJETA DEBITO MAESTRO BDV,CREDIT,55827.03,VENEZUELA MERCHANT,01020684710000014766,110108,0006,CD-0017425,VES
P-9 2026 02 al 02 18,2026-04-30,UNRECONCILED,D80100138,2026-04-02,LIQ TARJETA DEBITO MAESTRO BDV-LIQ TARJETA DEBITO MAESTRO BDV,CREDIT,200950.72,VENEZUELA MERCHANT,01020684710000014766,110108,0006,CD-0017425,VES
P-9 2026 02 al 02 18,2026-04-30,UNRECONCILED,BD8010001,2026-04-02,LIQUIDACION TDD BIOPAGOBDV-LIQUIDACION TDD BIOPAGOBDV,CREDIT,3390352.44,VENEZUELA MERCHANT,01020684710000014766,110108,0006,CD-0017403,VES
P-9 2026 02 al 02 18,2026-04-30,UNRECONCILED,BD1920001,2026-04-02,LIQUIDACION TDD BIOPAGOBDV-LIQUIDACION TDD BIOPAGOBDV,CREDIT,1781009.85,VENEZUELA MERCHANT,01020684710000014766,110108,0006,CD-0017403,VES
P-9 2026 02 al 02 18,2026-04-30,UNRECONCILED,BD4830001,2026-04-02,LIQUIDACION TDD BIOPAGOBDV-LIQUIDACION TDD BIOPAGOBDV,CREDIT,2567688.37,VENEZUELA MERCHANT,01020684710000014766,110108,0006,CD-0017403,VES
P-9 2026 02 al 02 18,2026-04-30,UNRECONCILED,BC1370001,2026-04-02,LIQUIDACION TDC BIOPAGOBDV-LIQUIDACION TDC BIOPAGOBDV,CREDIT,3965.96,VENEZUELA MERCHANT,01020684710000014766,110108,0006,CD-0017402,VES
P-9 2026 02 al 02 18,2026-04-30,UNRECONCILED,BD1800001,2026-04-02,LIQUIDACION TDD BIOPAGOBDV-LIQUIDACION TDD BIOPAGOBDV,CREDIT,4477789.84,VENEZUELA MERCHANT,01020684710000014766,110108,0006,CD-0017403,VES
P-9 2026 02 al 02 18,2026-04-30,UNRECONCILED,BD2810001,2026-04-02,LIQUIDACION TDD BIOPAGOBDV-LIQUIDACION TDD BIOPAGOBDV,CREDIT,1069414.64,VENEZUELA MERCHANT,01020684710000014766,110108,0006,CD-0017403,VES
P-9 2026 02 al 02 18,2026-04-30,UNRECONCILED,BC4260001,2026-04-02,LIQUIDACION TDC BIOPAGOBDV-LIQUIDACION TDC BIOPAGOBDV,CREDIT,23493.98,VENEZUELA MERCHANT,01020684710000014766,110108,0006,CD-0017402,VES
P-9 2026 02 al 02 18,2026-04-30,UNRECONCILED,BC6000001,2026-04-02,LIQUIDACION TDC BIOPAGOBDV-LIQUIDACION TDC BIOPAGOBDV,CREDIT,3060.0,VENEZUELA MERCHANT,01020684710000014766,110108,0006,CD-0017402,VES
P-9 2026 02 al 02 18,2026-04-30,UNRECONCILED,BD4400001,2026-04-02,LIQUIDACION TDD BIOPAGOBDV-LIQUIDACION TDD BIOPAGOBDV,CREDIT,6259990.0,VENEZUELA MERCHANT,01020684710000014766,110108,0006,CD-0017403,VES
P-9 2026 02 al 02 18,2026-04-30,UNRECONCILED,BC1340001,2026-04-02,LIQUIDACION TDC BIOPAGOBDV-LIQUIDACION TDC BIOPAGOBDV,CREDIT,878.19,VENEZUELA MERCHANT,01020684710000014766,110108,0006,CD-0017402,VES
P-9 2026 02 al 02 18,2026-04-30,UNRECONCILED,BD1560001,2026-04-02,LIQUIDACION TDD BIOPAGOBDV-LIQUIDACION TDD BIOPAGOBDV,CREDIT,3278215.89,VENEZUELA MERCHANT,01020684710000014766,110108,0006,CD-0017403,VES
P-9 2026 02 al 02 18,2026-04-30,UNRECONCILED,BC7000001,2026-04-02,LIQUIDACION TDC BIOPAGOBDV-LIQUIDACION TDC BIOPAGOBDV,CREDIT,6169.33,VENEZUELA MERCHANT,01020684710000014766,110108,0006,CD-0017402,VES
P-9 2026 02 al 02 18,2026-04-30,UNRECONCILED,BD1340001,2026-04-02,LIQUIDACION TDD BIOPAGOBDV-LIQUIDACION TDD BIOPAGOBDV,CREDIT,1121597.47,VENEZUELA MERCHANT,01020684710000014766,110108,0006,CD-0017403,VES
P-9 2026 02 al 02 18,2026-04-30,UNRECONCILED,BD3040001,2026-04-02,LIQUIDACION TDD BIOPAGOBDV-LIQUIDACION TDD BIOPAGOBDV,CREDIT,1376721.42,VENEZUELA MERCHANT,01020684710000014766,110108,0006,CD-0017403,VES
P-9 2026 02 al 02 18,2026-04-30,UNRECONCILED,BD4230001,2026-04-02,LIQUIDACION TDD BIOPAGOBDV-LIQUIDACION TDD BIOPAGOBDV,CREDIT,4967424.64,VENEZUELA MERCHANT,01020684710000014766,110108,0006,CD-0017403,VES
P-9 2026 02 al 02 18,2026-04-30,UNRECONCILED,BD1000001,2026-04-02,LIQUIDACION TDD BIOPAGOBDV-LIQUIDACION TDD BIOPAGOBDV,CREDIT,4605409.32,VENEZUELA MERCHANT,01020684710000014766,110108,0006,CD-0017403,VES
P-9 2026 02 al 02 18,2026-04-30,UNRECONCILED,BD4210001,2026-04-02,LIQUIDACION TDD BIOPAGOBDV-LIQUIDACION TDD BIOPAGOBDV,CREDIT,2365127.74,VENEZUELA MERCHANT,01020684710000014766,110108,0006,CD-0017403,VES
P-9 2026 02 al 02 18,2026-04-30,UNRECONCILED,BC4280001,2026-04-02,LIQUIDACION TDC BIOPAGOBDV-LIQUIDACION TDC BIOPAGOBDV,CREDIT,27542.54,VENEZUELA MERCHANT,01020684710000014766,110108,0006,CD-0017402,VES
P-9 2026 02 al 02 18,2026-04-30,UNRECONCILED,BC4830001,2026-04-02,LIQUIDACION TDC BIOPAGOBDV-LIQUIDACION TDC BIOPAGOBDV,CREDIT,5750.64,VENEZUELA MERCHANT,01020684710000014766,110108,0006,CD-0017402,VES
P-9 2026 02 al 02 18,2026-04-30,UNRECONCILED,BC5930001,2026-04-02,LIQUIDACION TDC BIOPAGOBDV-LIQUIDACION TDC BIOPAGOBDV,CREDIT,24798.36,VENEZUELA MERCHANT,01020684710000014766,110108,0006,CD-0017402,VES
P-9 2026 02 al 02 18,2026-04-30,UNRECONCILED,BD1590001,2026-04-02,LIQUIDACION TDD BIOPAGOBDV-LIQUIDACION TDD BIOPAGOBDV,CREDIT,1729390.25,VENEZUELA MERCHANT,01020684710000014766,110108,0006,CD-0017403,VES
P-9 2026 02 al 02 18,2026-04-30,UNRECONCILED,BD6750001,2026-04-02,LIQUIDACION TDD BIOPAGOBDV-LIQUIDACION TDD BIOPAGOBDV,CREDIT,3849588.62,VENEZUELA MERCHANT,01020684710000014766,110108,0006,CD-0017403,VES
P-9 2026 02 al 02 18,2026-04-30,UNRECONCILED,BD1420001,2026-04-02,LIQUIDACION TDD BIOPAGOBDV-LIQUIDACION TDD BIOPAGOBDV,CREDIT,1862987.82,VENEZUELA MERCHANT,01020684710000014766,110108,0006,CD-0017403,VES
P-9 2026 02 al 02 18,2026-04-30,UNRECONCILED,BD2700001,2026-04-02,LIQUIDACION TDD BIOPAGOBDV-LIQUIDACION TDD BIOPAGOBDV,CREDIT,2472555.3,VENEZUELA MERCHANT,01020684710000014766,110108,0006,CD-0017403,VES
P-9 2026 02 al 02 18,2026-04-30,UNRECONCILED,BD4280001,2026-04-02,LIQUIDACION TDD BIOPAGOBDV-LIQUIDACION TDD BIOPAGOBDV,CREDIT,4795023.52,VENEZUELA MERCHANT,01020684710000014766,110108,0006,CD-0017403,VES
P-9 2026 02 al 02 18,2026-04-30,UNRECONCILED,BD4800001,2026-04-02,LIQUIDACION TDD BIOPAGOBDV-LIQUIDACION TDD BIOPAGOBDV,CREDIT,3827578.31,VENEZUELA MERCHANT,01020684710000014766,110108,0006,CD-0017403,VES
P-9 2026 02 al 02 18,2026-04-30,UNRECONCILED,BC1420001,2026-04-02,LIQUIDACION TDC BIOPAGOBDV-LIQUIDACION TDC BIOPAGOBDV,CREDIT,7689.14,VENEZUELA MERCHANT,01020684710000014766,110108,0006,CD-0017402,VES
P-9 2026 02 al 02 18,2026-04-30,UNRECONCILED,BD2870001,2026-04-02,LIQUIDACION TDD BIOPAGOBDV-LIQUIDACION TDD BIOPAGOBDV,CREDIT,1481208.44,VENEZUELA MERCHANT,01020684710000014766,110108,0006,CD-0017403,VES
P-9 2026 02 al 02 18,2026-04-30,UNRECONCILED,BD5930001,2026-04-02,LIQUIDACION TDD BIOPAGOBDV-LIQUIDACION TDD BIOPAGOBDV,CREDIT,940509.37,VENEZUELA MERCHANT,01020684710000014766,110108,0006,CD-0017403,VES
P-9 2026 02 al 02 18,2026-04-30,UNRECONCILED,BC5990001,2026-04-02,LIQUIDACION TDC BIOPAGOBDV-LIQUIDACION TDC BIOPAGOBDV,CREDIT,2378.9,VENEZUELA MERCHANT,01020684710000014766,110108,0006,CD-0017402,VES
P-9 2026 02 al 02 18,2026-04-30,UNRECONCILED,BD6000001,2026-04-02,LIQUIDACION TDD BIOPAGOBDV-LIQUIDACION TDD BIOPAGOBDV,CREDIT,1975798.66,VENEZUELA MERCHANT,01020684710000014766,110108,0006,CD-0017403,VES
P-9 2026 02 al 02 18,2026-04-30,UNRECONCILED,BC1000001,2026-04-02,LIQUIDACION TDC BIOPAGOBDV-LIQUIDACION TDC BIOPAGOBDV,CREDIT,8210.79,VENEZUELA MERCHANT,01020684710000014766,110108,0006,CD-0017402,VES
P-9 2026 02 al 02 18,2026-04-30,UNRECONCILED,BC1800001,2026-04-02,LIQUIDACION TDC BIOPAGOBDV-LIQUIDACION TDC BIOPAGOBDV,CREDIT,5874.96,VENEZUELA MERCHANT,01020684710000014766,110108,0006,CD-0017402,VES
P-9 2026 02 al 02 18,2026-04-30,UNRECONCILED,BD5070001,2026-04-02,LIQUIDACION TDD BIOPAGOBDV-LIQUIDACION TDD BIOPAGOBDV,CREDIT,2733595.8,VENEZUELA MERCHANT,01020684710000014766,110108,0006,CD-0017403,VES
P-9 2026 03 al 03 18,2026-04-30,UNRECONCILED,02046,2026-04-03,LIQ TARJETA DEBITO MAESTRO BDV-LIQ TARJETA DEBITO MAESTRO BDV,DEBIT,2938.69,VENEZUELA MERCHANT,01020684710000014766,110108,0006,DL-0017425,VES
P-9 2026 03 al 03 18,2026-04-30,UNRECONCILED,M102002,2026-04-03,LIQ MONEDERO PATRIA-LIQ MONEDERO PATRIA,CREDIT,7016.29,VENEZUELA MERCHANT,01020684710000014766,110108,0006,CD-0003677,VES
P-9 2026 03 al 03 18,2026-04-30,UNRECONCILED,D11000501,2026-04-03,LIQ TARJETA DEBITO MAESTRO BDV-LIQ TARJETA DEBITO MAESTRO BDV,CREDIT,19462.2,VENEZUELA MERCHANT,01020684710000014766,110108,0006,CD-0017425,VES
P-9 2026 03 al 03 18,2026-04-30,UNRECONCILED,D11000501,2026-04-03,LIQ TARJETA DEBITO MAESTRO BDV-LIQ TARJETA DEBITO MAESTRO BDV,CREDIT,35810.31,VENEZUELA MERCHANT,01020684710000014766,110108,0006,CD-0017425,VES
P-9 2026 03 al 03 18,2026-04-30,UNRECONCILED,D11000501,2026-04-03,LIQ TARJETA DEBITO MAESTRO BDV-LIQ TARJETA DEBITO MAESTRO BDV,CREDIT,48408.16,VENEZUELA MERCHANT,01020684710000014766,110108,0006,CD-0017425,VES
P-9 2026 03 al 03 18,2026-04-30,UNRECONCILED,D11000501,2026-04-03,LIQ TARJETA DEBITO MAESTRO BDV-LIQ TARJETA DEBITO MAESTRO BDV,CREDIT,1884.15,VENEZUELA MERCHANT,01020684710000014766,110108,0006,CD-0017425,VES
P-9 2026 03 al 03 18,2026-04-30,UNRECONCILED,D11000501,2026-04-03,LIQ TARJETA DEBITO MAESTRO BDV-LIQ TARJETA DEBITO MAESTRO BDV,CREDIT,35136.8,VENEZUELA MERCHANT,01020684710000014766,110108,0006,CD-0017425,VES
P-9 2026 03 al 03 18,2026-04-30,UNRECONCILED,D11000003,2026-04-03,LIQ TARJETA DEBITO MAESTRO BDV-LIQ TARJETA DEBITO MAESTRO BDV,CREDIT,151008.38,VENEZUELA MERCHANT,01020684710000014766,110108,0006,CD-0017425,VES
P-9 2026 03 al 03 18,2026-04-30,UNRECONCILED,D11000003,2026-04-03,LIQ TARJETA DEBITO MAESTRO BDV-LIQ TARJETA DEBITO MAESTRO BDV,CREDIT,216643.74,VENEZUELA MERCHANT,01020684710000014766,110108,0006,CD-0017425,VES
P-9 2026 03 al 03 18,2026-04-30,UNRECONCILED,D11000003,2026-04-03,LIQ TARJETA DEBITO MAESTRO BDV-LIQ TARJETA DEBITO MAESTRO BDV,CREDIT,237283.77,VENEZUELA MERCHANT,01020684710000014766,110108,0006,CD-0017425,VES
P-9 2026 03 al 03 18,2026-04-30,UNRECONCILED,D11000003,2026-04-03,LIQ TARJETA DEBITO MAESTRO BDV-LIQ TARJETA DEBITO MAESTRO BDV,CREDIT,86884.82,VENEZUELA MERCHANT,01020684710000014766,110108,0006,CD-0017425,VES
P-9 2026 03 al 03 18,2026-04-30,UNRECONCILED,D11000003,2026-04-03,LIQ TARJETA DEBITO MAESTRO BDV-LIQ TARJETA DEBITO MAESTRO BDV,CREDIT,9254.23,VENEZUELA MERCHANT,01020684710000014766,110108,0006,CD-0017425,VES
P-9 2026 03 al 03 18,2026-04-30,UNRECONCILED,D11300992,2026-04-03,LIQ TARJETA DEBITO MAESTRO BDV-LIQ TARJETA DEBITO MAESTRO BDV,CREDIT,27906.02,VENEZUELA MERCHANT,01020684710000014766,110108,0006,CD-0017425,VES
P-9 2026 03 al 03 18,2026-04-30,UNRECONCILED,D11500031,2026-04-03,LIQ TARJETA DEBITO MAESTRO BDV-LIQ TARJETA DEBITO MAESTRO BDV,CREDIT,77979.9,VENEZUELA MERCHANT,01020684710000014766,110108,0006,CD-0017425,VES
P-9 2026 03 al 03 18,2026-04-30,UNRECONCILED,D11900823,2026-04-03,LIQ TARJETA DEBITO MAESTRO BDV-LIQ TARJETA DEBITO MAESTRO BDV,CREDIT,116649.0,VENEZUELA MERCHANT,01020684710000014766,110108,0006,CD-0017425,VES
P-9 2026 03 al 03 18,2026-04-30,UNRECONCILED,D12600244,2026-04-03,LIQ TARJETA DEBITO MAESTRO BDV-LIQ TARJETA DEBITO MAESTRO BDV,CREDIT,12509.03,VENEZUELA MERCHANT,01020684710000014766,110108,0006,CD-0017425,VES
P-9 2026 03 al 03 18,2026-04-30,UNRECONCILED,D12600245,2026-04-03,LIQ TARJETA DEBITO MAESTRO BDV-LIQ TARJETA DEBITO MAESTRO BDV,CREDIT,40819.33,VENEZUELA MERCHANT,01020684710000014766,110108,0006,CD-0017425,VES
P-9 2026 03 al 03 18,2026-04-30,UNRECONCILED,D12600244,2026-04-03,LIQ TARJETA DEBITO MAESTRO BDV-LIQ TARJETA DEBITO MAESTRO BDV,CREDIT,70067.33,VENEZUELA MERCHANT,01020684710000014766,110108,0006,CD-0017425,VES
P-9 2026 03 al 03 18,2026-04-30,UNRECONCILED,D12600251,2026-04-03,LIQ TARJETA DEBITO MAESTRO BDV-LIQ TARJETA DEBITO MAESTRO BDV,CREDIT,90202.51,VENEZUELA MERCHANT,01020684710000014766,110108,0006,CD-0017425,VES
P-9 2026 03 al 03 18,2026-04-30,UNRECONCILED,D12600248,2026-04-03,LIQ TARJETA DEBITO MAESTRO BDV-LIQ TARJETA DEBITO MAESTRO BDV,CREDIT,72937.09,VENEZUELA MERCHANT,01020684710000014766,110108,0006,CD-0017425,VES
P-9 2026 03 al 03 18,2026-04-30,UNRECONCILED,D12600248,2026-04-03,LIQ TARJETA DEBITO MAESTRO BDV-LIQ TARJETA DEBITO MAESTRO BDV,CREDIT,45251.11,VENEZUELA MERCHANT,01020684710000014766,110108,0006,CD-0017425,VES
P-9 2026 03 al 03 18,2026-04-30,UNRECONCILED,D12600228,2026-04-03,LIQ TARJETA DEBITO MAESTRO BDV-LIQ TARJETA DEBITO MAESTRO BDV,CREDIT,122742.36,VENEZUELA MERCHANT,01020684710000014766,110108,0006,CD-0017425,VES
P-9 2026 03 al 03 18,2026-04-30,UNRECONCILED,D13100009,2026-04-03,LIQ TARJETA DEBITO MAESTRO BDV-LIQ TARJETA DEBITO MAESTRO BDV,CREDIT,54278.61,VENEZUELA MERCHANT,01020684710000014766,110108,0006,CD-0017425,VES
P-9 2026 03 al 03 18,2026-04-30,UNRECONCILED,D13100778,2026-04-03,LIQ TARJETA DEBITO MAESTRO BDV-LIQ TARJETA DEBITO MAESTRO BDV,CREDIT,73936.56,VENEZUELA MERCHANT,01020684710000014766,110108,0006,CD-0017425,VES
P-9 2026 03 al 03 18,2026-04-30,UNRECONCILED,D13400914,2026-04-03,LIQ TARJETA DEBITO MAESTRO BDV-LIQ TARJETA DEBITO MAESTRO BDV,CREDIT,28393.2,VENEZUELA MERCHANT,01020684710000014766,110108,0006,CD-0017425,VES
P-9 2026 03 al 03 18,2026-04-30,UNRECONCILED,D13700032,2026-04-03,LIQ TARJETA DEBITO MAESTRO BDV-LIQ TARJETA DEBITO MAESTRO BDV,CREDIT,305783.81,VENEZUELA MERCHANT,01020684710000014766,110108,0006,CD-0017425,VES
P-9 2026 03 al 03 18,2026-04-30,UNRECONCILED,C13700032,2026-04-03,LIQ TARJETA DEBITO ELECTRON BD-LIQ TARJETA DEBITO ELECTRON BD,CREDIT,7548.17,VENEZUELA MERCHANT,01020684710000014766,110108,0006,CD-0017426,VES
P-9 2026 03 al 03 18,2026-04-30,UNRECONCILED,M138002,2026-04-03,LIQ MONEDERO PATRIA-LIQ MONEDERO PATRIA,CREDIT,909.99,VENEZUELA MERCHANT,01020684710000014766,110108,0006,CD-0003677,VES
P-9 2026 03 al 03 18,2026-04-30,UNRECONCILED,D14200071,2026-04-03,LIQ TARJETA DEBITO MAESTRO BDV-LIQ TARJETA DEBITO MAESTRO BDV,CREDIT,50939.47,VENEZUELA MERCHANT,01020684710000014766,110108,0006,CD-0017425,VES
P-9 2026 03 al 03 18,2026-04-30,UNRECONCILED,D15300128,2026-04-03,LIQ TARJETA DEBITO MAESTRO BDV-LIQ TARJETA DEBITO MAESTRO BDV,CREDIT,20773.97,VENEZUELA MERCHANT,01020684710000014766,110108,0006,CD-0017425,VES
P-9 2026 03 al 03 18,2026-04-30,UNRECONCILED,D16100867,2026-04-03,LIQ TARJETA DEBITO MAESTRO BDV-LIQ TARJETA DEBITO MAESTRO BDV,CREDIT,113820.53,VENEZUELA MERCHANT,01020684710000014766,110108,0006,CD-0017425,VES
P-9 2026 03 al 03 18,2026-04-30,UNRECONCILED,D16600947,2026-04-03,LIQ TARJETA DEBITO MAESTRO BDV-LIQ TARJETA DEBITO MAESTRO BDV,CREDIT,6443.93,VENEZUELA MERCHANT,01020684710000014766,110108,0006,CD-0017425,VES
P-9 2026 03 al 03 18,2026-04-30,UNRECONCILED,D16600094,2026-04-03,LIQ TARJETA DEBITO MAESTRO BDV-LIQ TARJETA DEBITO MAESTRO BDV,CREDIT,25049.13,VENEZUELA MERCHANT,01020684710000014766,110108,0006,CD-0017425,VES
P-9 2026 03 al 03 18,2026-04-30,UNRECONCILED,M167002,2026-04-03,LIQ MONEDERO PATRIA-LIQ MONEDERO PATRIA,CREDIT,35032.7,VENEZUELA MERCHANT,01020684710000014766,110108,0006,CD-0003677,VES
P-9 2026 03 al 03 18,2026-04-30,UNRECONCILED,D18000008,2026-04-03,LIQ TARJETA DEBITO MAESTRO BDV-LIQ TARJETA DEBITO MAESTRO BDV,CREDIT,190646.05,VENEZUELA MERCHANT,01020684710000014766,110108,0006,CD-0017425,VES
P-9 2026 03 al 03 18,2026-04-30,UNRECONCILED,C18200177,2026-04-03,LIQ TARJETA DEBITO ELECTRON BD-LIQ TARJETA DEBITO ELECTRON BD,CREDIT,381.78,VENEZUELA MERCHANT,01020684710000014766,110108,0006,CD-0017426,VES
P-9 2026 03 al 03 18,2026-04-30,UNRECONCILED,C18200177,2026-04-03,LIQUIDACION T CREDITO VS MC BD-LIQUIDACION T CREDITO VS MC BD,CREDIT,13985.84,VENEZUELA MERCHANT,01020684710000014766,110108,0006,CD-0017430,VES
P-9 2026 03 al 03 18,2026-04-30,UNRECONCILED,D18900728,2026-04-03,LIQ TARJETA DEBITO MAESTRO BDV-LIQ TARJETA DEBITO MAESTRO BDV,CREDIT,9858.88,VENEZUELA MERCHANT,01020684710000014766,110108,0006,CD-0017425,VES
P-9 2026 03 al 03 18,2026-04-30,UNRECONCILED,D19100097,2026-04-03,LIQ TARJETA DEBITO MAESTRO BDV-LIQ TARJETA DEBITO MAESTRO BDV,CREDIT,37624.8,VENEZUELA MERCHANT,01020684710000014766,110108,0006,CD-0017425,VES
P-9 2026 03 al 03 18,2026-04-30,UNRECONCILED,D19200631,2026-04-03,LIQ TARJETA DEBITO MAESTRO BDV-LIQ TARJETA DEBITO MAESTRO BDV,CREDIT,15968.57,VENEZUELA MERCHANT,01020684710000014766,110108,0006,CD-0017425,VES
P-9 2026 03 al 03 18,2026-04-30,UNRECONCILED,D19400092,2026-04-03,LIQ TARJETA DEBITO MAESTRO BDV-LIQ TARJETA DEBITO MAESTRO BDV,CREDIT,1716.22,VENEZUELA MERCHANT,01020684710000014766,110108,0006,CD-0017425,VES
P-9 2026 03 al 03 18,2026-04-30,UNRECONCILED,D19500180,2026-04-03,LIQ TARJETA DEBITO MAESTRO BDV-LIQ TARJETA DEBITO MAESTRO BDV,CREDIT,6249.2,VENEZUELA MERCHANT,01020684710000014766,110108,0006,CD-0017425,VES
P-9 2026 03 al 03 18,2026-04-30,UNRECONCILED,D19600443,2026-04-03,LIQ TARJETA DEBITO MAESTRO BDV-LIQ TARJETA DEBITO MAESTRO BDV,CREDIT,20281.24,VENEZUELA MERCHANT,01020684710000014766,110108,0006,CD-0017425,VES
P-9 2026 03 al 03 18,2026-04-30,UNRECONCILED,D19800460,2026-04-03,LIQ TARJETA DEBITO MAESTRO BDV-LIQ TARJETA DEBITO MAESTRO BDV,CREDIT,27628.63,VENEZUELA MERCHANT,01020684710000014766,110108,0006,CD-0017425,VES
P-9 2026 03 al 03 18,2026-04-30,UNRECONCILED,D20400944,2026-04-03,LIQ TARJETA DEBITO MAESTRO BDV-LIQ TARJETA DEBITO MAESTRO BDV,CREDIT,57375.56,VENEZUELA MERCHANT,01020684710000014766,110108,0006,CD-0017425,VES
P-9 2026 03 al 03 18,2026-04-30,UNRECONCILED,C20400273,2026-04-03,LIQUIDACION T CREDITO VS MC BD-LIQUIDACION T CREDITO VS MC BD,CREDIT,7802.39,VENEZUELA MERCHANT,01020684710000014766,110108,0006,CD-0017430,VES
P-9 2026 03 al 03 18,2026-04-30,UNRECONCILED,D20400850,2026-04-03,LIQ TARJETA DEBITO MAESTRO BDV-LIQ TARJETA DEBITO MAESTRO BDV,CREDIT,351360.7,VENEZUELA MERCHANT,01020684710000014766,110108,0006,CD-0017425,VES
P-9 2026 03 al 03 18,2026-04-30,UNRECONCILED,D20500311,2026-04-03,LIQ TARJETA DEBITO MAESTRO BDV-LIQ TARJETA DEBITO MAESTRO BDV,CREDIT,32992.55,VENEZUELA MERCHANT,01020684710000014766,110108,0006,CD-0017425,VES
P-9 2026 03 al 03 18,2026-04-30,UNRECONCILED,D20700755,2026-04-03,LIQ TARJETA DEBITO MAESTRO BDV-LIQ TARJETA DEBITO MAESTRO BDV,CREDIT,10060.31,VENEZUELA MERCHANT,01020684710000014766,110108,0006,CD-0017425,VES
P-9 2026 03 al 03 18,2026-04-30,UNRECONCILED,D20700773,2026-04-03,LIQ TARJETA DEBITO MAESTRO BDV-LIQ TARJETA DEBITO MAESTRO BDV,CREDIT,66357.2,VENEZUELA MERCHANT,01020684710000014766,110108,0006,CD-0017425,VES
P-9 2026 03 al 03 18,2026-04-30,UNRECONCILED,D20700661,2026-04-03,LIQ TARJETA DEBITO MAESTRO BDV-LIQ TARJETA DEBITO MAESTRO BDV,CREDIT,44911.86,VENEZUELA MERCHANT,01020684710000014766,110108,0006,CD-0017425,VES
P-9 2026 03 al 03 18,2026-04-30,UNRECONCILED,D20800117,2026-04-03,LIQ TARJETA DEBITO MAESTRO BDV-LIQ TARJETA DEBITO MAESTRO BDV,CREDIT,5162.2,VENEZUELA MERCHANT,01020684710000014766,110108,0006,CD-0017425,VES
P-9 2026 03 al 03 18,2026-04-30,UNRECONCILED,D20800118,2026-04-03,LIQ TARJETA DEBITO MAESTRO BDV-LIQ TARJETA DEBITO MAESTRO BDV,CREDIT,6642.38,VENEZUELA MERCHANT,01020684710000014766,110108,0006,CD-0017425,VES
P-9 2026 03 al 03 18,2026-04-30,UNRECONCILED,D20800130,2026-04-03,LIQ TARJETA DEBITO MAESTRO BDV-LIQ TARJETA DEBITO MAESTRO BDV,CREDIT,32173.08,VENEZUELA MERCHANT,01020684710000014766,110108,0006,CD-0017425,VES
P-9 2026 03 al 03 18,2026-04-30,UNRECONCILED,D20800131,2026-04-03,LIQ TARJETA DEBITO MAESTRO BDV-LIQ TARJETA DEBITO MAESTRO BDV,CREDIT,80898.64,VENEZUELA MERCHANT,01020684710000014766,110108,0006,CD-0017425,VES
P-9 2026 03 al 03 18,2026-04-30,UNRECONCILED,D20800129,2026-04-03,LIQ TARJETA DEBITO MAESTRO BDV-LIQ TARJETA DEBITO MAESTRO BDV,CREDIT,17606.94,VENEZUELA MERCHANT,01020684710000014766,110108,0006,CD-0017425,VES
P-9 2026 03 al 03 18,2026-04-30,UNRECONCILED,D20800130,2026-04-03,LIQ TARJETA DEBITO MAESTRO BDV-LIQ TARJETA DEBITO MAESTRO BDV,CREDIT,261199.55,VENEZUELA MERCHANT,01020684710000014766,110108,0006,CD-0017425,VES
P-9 2026 03 al 03 18,2026-04-30,UNRECONCILED,D20800124,2026-04-03,LIQ TARJETA DEBITO MAESTRO BDV-LIQ TARJETA DEBITO MAESTRO BDV,CREDIT,93728.8,VENEZUELA MERCHANT,01020684710000014766,110108,0006,CD-0017425,VES
P-9 2026 03 al 03 18,2026-04-30,UNRECONCILED,D20800127,2026-04-03,LIQ TARJETA DEBITO MAESTRO BDV-LIQ TARJETA DEBITO MAESTRO BDV,CREDIT,16413.09,VENEZUELA MERCHANT,01020684710000014766,110108,0006,CD-0017425,VES
P-9 2026 03 al 03 18,2026-04-30,UNRECONCILED,D20800128,2026-04-03,LIQ TARJETA DEBITO MAESTRO BDV-LIQ TARJETA DEBITO MAESTRO BDV,CREDIT,101001.45,VENEZUELA MERCHANT,01020684710000014766,110108,0006,CD-0017425,VES
P-9 2026 03 al 03 18,2026-04-30,UNRECONCILED,D20800121,2026-04-03,LIQ TARJETA DEBITO MAESTRO BDV-LIQ TARJETA DEBITO MAESTRO BDV,CREDIT,221519.74,VENEZUELA MERCHANT,01020684710000014766,110108,0006,CD-0017425,VES
P-9 2026 03 al 03 18,2026-04-30,UNRECONCILED,D20800119,2026-04-03,LIQ TARJETA DEBITO MAESTRO BDV-LIQ TARJETA DEBITO MAESTRO BDV,CREDIT,23868.96,VENEZUELA MERCHANT,01020684710000014766,110108,0006,CD-0017425,VES
P-9 2026 03 al 03 18,2026-04-30,UNRECONCILED,D20800118,2026-04-03,LIQ TARJETA DEBITO MAESTRO BDV-LIQ TARJETA DEBITO MAESTRO BDV,CREDIT,211599.93,VENEZUELA MERCHANT,01020684710000014766,110108,0006,CD-0017425,VES
P-9 2026 03 al 03 18,2026-04-30,UNRECONCILED,D20800118,2026-04-03,LIQ TARJETA DEBITO MAESTRO BDV-LIQ TARJETA DEBITO MAESTRO BDV,CREDIT,452.77,VENEZUELA MERCHANT,01020684710000014766,110108,0006,CD-0017425,VES
P-9 2026 03 al 03 18,2026-04-30,UNRECONCILED,D20800119,2026-04-03,LIQ TARJETA DEBITO MAESTRO BDV-LIQ TARJETA DEBITO MAESTRO BDV,CREDIT,174762.17,VENEZUELA MERCHANT,01020684710000014766,110108,0006,CD-0017425,VES
P-9 2026 03 al 03 18,2026-04-30,UNRECONCILED,D20800117,2026-04-03,LIQ TARJETA DEBITO MAESTRO BDV-LIQ TARJETA DEBITO MAESTRO BDV,CREDIT,7331.19,VENEZUELA MERCHANT,01020684710000014766,110108,0006,CD-0017425,VES
P-9 2026 03 al 03 18,2026-04-30,UNRECONCILED,D20800118,2026-04-03,LIQ TARJETA DEBITO MAESTRO BDV-LIQ TARJETA DEBITO MAESTRO BDV,CREDIT,136512.02,VENEZUELA MERCHANT,01020684710000014766,110108,0006,CD-0017425,VES
P-9 2026 03 al 03 18,2026-04-30,UNRECONCILED,D20800128,2026-04-03,LIQ TARJETA DEBITO MAESTRO BDV-LIQ TARJETA DEBITO MAESTRO BDV,CREDIT,12263.32,VENEZUELA MERCHANT,01020684710000014766,110108,0006,CD-0017425,VES
P-9 2026 03 al 03 18,2026-04-30,UNRECONCILED,D20800129,2026-04-03,LIQ TARJETA DEBITO MAESTRO BDV-LIQ TARJETA DEBITO MAESTRO BDV,CREDIT,112954.38,VENEZUELA MERCHANT,01020684710000014766,110108,0006,CD-0017425,VES
P-9 2026 03 al 03 18,2026-04-30,UNRECONCILED,M210002,2026-04-03,LIQ MONEDERO PATRIA-LIQ MONEDERO PATRIA,CREDIT,5876.14,VENEZUELA MERCHANT,01020684710000014766,110108,0006,CD-0003677,VES
P-9 2026 03 al 03 18,2026-04-30,UNRECONCILED,D26900714,2026-04-03,LIQ TARJETA DEBITO MAESTRO BDV-LIQ TARJETA DEBITO MAESTRO BDV,CREDIT,139310.49,VENEZUELA MERCHANT,01020684710000014766,110108,0006,CD-0017425,VES
P-9 2026 03 al 03 18,2026-04-30,UNRECONCILED,D27500208,2026-04-03,LIQ TARJETA DEBITO MAESTRO BDV-LIQ TARJETA DEBITO MAESTRO BDV,CREDIT,28731.5,VENEZUELA MERCHANT,01020684710000014766,110108,0006,CD-0017425,VES
P-9 2026 03 al 03 18,2026-04-30,UNRECONCILED,D27800441,2026-04-03,LIQ TARJETA DEBITO MAESTRO BDV-LIQ TARJETA DEBITO MAESTRO BDV,CREDIT,80797.21,VENEZUELA MERCHANT,01020684710000014766,110108,0006,CD-0017425,VES
P-9 2026 03 al 03 18,2026-04-30,UNRECONCILED,D28400257,2026-04-03,LIQ TARJETA DEBITO MAESTRO BDV-LIQ TARJETA DEBITO MAESTRO BDV,CREDIT,66296.84,VENEZUELA MERCHANT,01020684710000014766,110108,0006,CD-0017425,VES
P-9 2026 03 al 03 18,2026-04-30,UNRECONCILED,D28800087,2026-04-03,LIQ TARJETA DEBITO MAESTRO BDV-LIQ TARJETA DEBITO MAESTRO BDV,CREDIT,9645.98,VENEZUELA MERCHANT,01020684710000014766,110108,0006,CD-0017425,VES
P-9 2026 03 al 03 18,2026-04-30,UNRECONCILED,C28800087,2026-04-03,LIQUIDACION T CREDITO VS MC BD-LIQUIDACION T CREDITO VS MC BD,CREDIT,21772.58,VENEZUELA MERCHANT,01020684710000014766,110108,0006,CD-0017430,VES
P-9 2026 03 al 03 18,2026-04-30,UNRECONCILED,D29700406,2026-04-03,LIQ TARJETA DEBITO MAESTRO BDV-LIQ TARJETA DEBITO MAESTRO BDV,CREDIT,75167.99,VENEZUELA MERCHANT,01020684710000014766,110108,0006,CD-0017425,VES
P-9 2026 03 al 03 18,2026-04-30,UNRECONCILED,M298002,2026-04-03,LIQ MONEDERO PATRIA-LIQ MONEDERO PATRIA,CREDIT,738.75,VENEZUELA MERCHANT,01020684710000014766,110108,0006,CD-0003677,VES
P-9 2026 03 al 03 18,2026-04-30,UNRECONCILED,D29800426,2026-04-03,LIQ TARJETA DEBITO MAESTRO BDV-LIQ TARJETA DEBITO MAESTRO BDV,CREDIT,105061.24,VENEZUELA MERCHANT,01020684710000014766,110108,0006,CD-0017425,VES
P-9 2026 03 al 03 18,2026-04-30,UNRECONCILED,D30400553,2026-04-03,LIQ TARJETA DEBITO MAESTRO BDV-LIQ TARJETA DEBITO MAESTRO BDV,CREDIT,72488.37,VENEZUELA MERCHANT,01020684710000014766,110108,0006,CD-0017425,VES
P-9 2026 03 al 03 18,2026-04-30,UNRECONCILED,D30400534,2026-04-03,LIQ TARJETA DEBITO MAESTRO BDV-LIQ TARJETA DEBITO MAESTRO BDV,CREDIT,117191.06,VENEZUELA MERCHANT,01020684710000014766,110108,0006,CD-0017425,VES
P-9 2026 03 al 03 18,2026-04-30,UNRECONCILED,D30700057,2026-04-03,LIQ TARJETA DEBITO MAESTRO BDV-LIQ TARJETA DEBITO MAESTRO BDV,CREDIT,59368.63,VENEZUELA MERCHANT,01020684710000014766,110108,0006,CD-0017425,VES
P-9 2026 03 al 03 18,2026-04-30,UNRECONCILED,D30700059,2026-04-03,LIQ TARJETA DEBITO MAESTRO BDV-LIQ TARJETA DEBITO MAESTRO BDV,CREDIT,32451.41,VENEZUELA MERCHANT,01020684710000014766,110108,0006,CD-0017425,VES
P-9 2026 03 al 03 18,2026-04-30,UNRECONCILED,D30700055,2026-04-03,LIQ TARJETA DEBITO MAESTRO BDV-LIQ TARJETA DEBITO MAESTRO BDV,CREDIT,2398.84,VENEZUELA MERCHANT,01020684710000014766,110108,0006,CD-0017425,VES
P-9 2026 03 al 03 18,2026-04-30,UNRECONCILED,D30700056,2026-04-03,LIQ TARJETA DEBITO MAESTRO BDV-LIQ TARJETA DEBITO MAESTRO BDV,CREDIT,115715.13,VENEZUELA MERCHANT,01020684710000014766,110108,0006,CD-0017425,VES
P-9 2026 03 al 03 18,2026-04-30,UNRECONCILED,D30700059,2026-04-03,LIQ TARJETA DEBITO MAESTRO BDV-LIQ TARJETA DEBITO MAESTRO BDV,CREDIT,34818.38,VENEZUELA MERCHANT,01020684710000014766,110108,0006,CD-0017425,VES
P-9 2026 03 al 03 18,2026-04-30,UNRECONCILED,D30700064,2026-04-03,LIQ TARJETA DEBITO MAESTRO BDV-LIQ TARJETA DEBITO MAESTRO BDV,CREDIT,69368.51,VENEZUELA MERCHANT,01020684710000014766,110108,0006,CD-0017425,VES
P-9 2026 03 al 03 18,2026-04-30,UNRECONCILED,D30700063,2026-04-03,LIQ TARJETA DEBITO MAESTRO BDV-LIQ TARJETA DEBITO MAESTRO BDV,CREDIT,4179.11,VENEZUELA MERCHANT,01020684710000014766,110108,0006,CD-0017425,VES
P-9 2026 03 al 03 18,2026-04-30,UNRECONCILED,D30700064,2026-04-03,LIQ TARJETA DEBITO MAESTRO BDV-LIQ TARJETA DEBITO MAESTRO BDV,CREDIT,208738.6,VENEZUELA MERCHANT,01020684710000014766,110108,0006,CD-0017425,VES
P-9 2026 03 al 03 18,2026-04-30,UNRECONCILED,D30700058,2026-04-03,LIQ TARJETA DEBITO MAESTRO BDV-LIQ TARJETA DEBITO MAESTRO BDV,CREDIT,6884.19,VENEZUELA MERCHANT,01020684710000014766,110108,0006,CD-0017425,VES
P-9 2026 03 al 03 18,2026-04-30,UNRECONCILED,D30700059,2026-04-03,LIQ TARJETA DEBITO MAESTRO BDV-LIQ TARJETA DEBITO MAESTRO BDV,CREDIT,48491.37,VENEZUELA MERCHANT,01020684710000014766,110108,0006,CD-0017425,VES
P-9 2026 03 al 03 18,2026-04-30,UNRECONCILED,D30700057,2026-04-03,LIQ TARJETA DEBITO MAESTRO BDV-LIQ TARJETA DEBITO MAESTRO BDV,CREDIT,65759.98,VENEZUELA MERCHANT,01020684710000014766,110108,0006,CD-0017425,VES
P-9 2026 03 al 03 18,2026-04-30,UNRECONCILED,D30700058,2026-04-03,LIQ TARJETA DEBITO MAESTRO BDV-LIQ TARJETA DEBITO MAESTRO BDV,CREDIT,195417.79,VENEZUELA MERCHANT,01020684710000014766,110108,0006,CD-0017425,VES
P-9 2026 03 al 03 18,2026-04-30,UNRECONCILED,D30700057,2026-04-03,LIQ TARJETA DEBITO MAESTRO BDV-LIQ TARJETA DEBITO MAESTRO BDV,CREDIT,5958.03,VENEZUELA MERCHANT,01020684710000014766,110108,0006,CD-0017425,VES
P-9 2026 03 al 03 18,2026-04-30,UNRECONCILED,D30700056,2026-04-03,LIQ TARJETA DEBITO MAESTRO BDV-LIQ TARJETA DEBITO MAESTRO BDV,CREDIT,8519.78,VENEZUELA MERCHANT,01020684710000014766,110108,0006,CD-0017425,VES
P-9 2026 03 al 03 18,2026-04-30,UNRECONCILED,D30700057,2026-04-03,LIQ TARJETA DEBITO MAESTRO BDV-LIQ TARJETA DEBITO MAESTRO BDV,CREDIT,24240.5,VENEZUELA MERCHANT,01020684710000014766,110108,0006,CD-0017425,VES
P-9 2026 03 al 03 18,2026-04-30,UNRECONCILED,D30700055,2026-04-03,LIQ TARJETA DEBITO MAESTRO BDV-LIQ TARJETA DEBITO MAESTRO BDV,CREDIT,5302.55,VENEZUELA MERCHANT,01020684710000014766,110108,0006,CD-0017425,VES
P-9 2026 03 al 03 18,2026-04-30,UNRECONCILED,D30700056,2026-04-03,LIQ TARJETA DEBITO MAESTRO BDV-LIQ TARJETA DEBITO MAESTRO BDV,CREDIT,36140.28,VENEZUELA MERCHANT,01020684710000014766,110108,0006,CD-0017425,VES
P-9 2026 03 al 03 18,2026-04-30,UNRECONCILED,M310002,2026-04-03,LIQ MONEDERO PATRIA-LIQ MONEDERO PATRIA,CREDIT,6116.85,VENEZUELA MERCHANT,01020684710000014766,110108,0006,CD-0003677,VES
P-9 2026 03 al 03 18,2026-04-30,UNRECONCILED,D31800776,2026-04-03,LIQ TARJETA DEBITO MAESTRO BDV-LIQ TARJETA DEBITO MAESTRO BDV,CREDIT,11433.17,VENEZUELA MERCHANT,01020684710000014766,110108,0006,CD-0017425,VES
P-9 2026 03 al 03 18,2026-04-30,UNRECONCILED,D32100903,2026-04-03,LIQ TARJETA DEBITO MAESTRO BDV-LIQ TARJETA DEBITO MAESTRO BDV,CREDIT,44442.17,VENEZUELA MERCHANT,01020684710000014766,110108,0006,CD-0017425,VES
P-9 2026 03 al 03 18,2026-04-30,UNRECONCILED,M323002,2026-04-03,LIQ MONEDERO PATRIA-LIQ MONEDERO PATRIA,CREDIT,295.5,VENEZUELA MERCHANT,01020684710000014766,110108,0006,CD-0003677,VES
P-9 2026 03 al 03 18,2026-04-30,UNRECONCILED,D32300511,2026-04-03,LIQ TARJETA DEBITO MAESTRO BDV-LIQ TARJETA DEBITO MAESTRO BDV,CREDIT,94949.12,VENEZUELA MERCHANT,01020684710000014766,110108,0006,CD-0017425,VES
P-9 2026 03 al 03 18,2026-04-30,UNRECONCILED,D32300511,2026-04-03,LIQ TARJETA DEBITO MAESTRO BDV-LIQ TARJETA DEBITO MAESTRO BDV,CREDIT,5284.1,VENEZUELA MERCHANT,01020684710000014766,110108,0006,CD-0017425,VES
P-9 2026 03 al 03 18,2026-04-30,UNRECONCILED,M330002,2026-04-03,LIQ MONEDERO PATRIA-LIQ MONEDERO PATRIA,CREDIT,1034.25,VENEZUELA MERCHANT,01020684710000014766,110108,0006,CD-0003677,VES
P-9 2026 03 al 03 18,2026-04-30,UNRECONCILED,D33000050,2026-04-03,LIQ TARJETA DEBITO MAESTRO BDV-LIQ TARJETA DEBITO MAESTRO BDV,CREDIT,72245.17,VENEZUELA MERCHANT,01020684710000014766,110108,0006,CD-0017425,VES
P-9 2026 03 al 03 18,2026-04-30,UNRECONCILED,D33000250,2026-04-03,LIQ TARJETA DEBITO MAESTRO BDV-LIQ TARJETA DEBITO MAESTRO BDV,CREDIT,146643.61,VENEZUELA MERCHANT,01020684710000014766,110108,0006,CD-0017425,VES
P-9 2026 03 al 03 18,2026-04-30,UNRECONCILED,D41300928,2026-04-03,LIQ TARJETA DEBITO MAESTRO BDV-LIQ TARJETA DEBITO MAESTRO BDV,CREDIT,26136.56,VENEZUELA MERCHANT,01020684710000014766,110108,0006,CD-0017425,VES
P-9 2026 03 al 03 18,2026-04-30,UNRECONCILED,D41300928,2026-04-03,LIQ TARJETA DEBITO MAESTRO BDV-LIQ TARJETA DEBITO MAESTRO BDV,CREDIT,143326.96,VENEZUELA MERCHANT,01020684710000014766,110108,0006,CD-0017425,VES
P-9 2026 03 al 03 18,2026-04-30,UNRECONCILED,D41300927,2026-04-03,LIQ TARJETA DEBITO MAESTRO BDV-LIQ TARJETA DEBITO MAESTRO BDV,CREDIT,4014.33,VENEZUELA MERCHANT,01020684710000014766,110108,0006,CD-0017425,VES
P-9 2026 03 al 03 18,2026-04-30,UNRECONCILED,D41500761,2026-04-03,LIQ TARJETA DEBITO MAESTRO BDV-LIQ TARJETA DEBITO MAESTRO BDV,CREDIT,35699.42,VENEZUELA MERCHANT,01020684710000014766,110108,0006,CD-0017425,VES
P-9 2026 03 al 03 18,2026-04-30,UNRECONCILED,D42400430,2026-04-03,LIQ TARJETA DEBITO MAESTRO BDV-LIQ TARJETA DEBITO MAESTRO BDV,CREDIT,189736.94,VENEZUELA MERCHANT,01020684710000014766,110108,0006,CD-0017425,VES
P-9 2026 03 al 03 18,2026-04-30,UNRECONCILED,D42600167,2026-04-03,LIQ TARJETA DEBITO MAESTRO BDV-LIQ TARJETA DEBITO MAESTRO BDV,CREDIT,15089.96,VENEZUELA MERCHANT,01020684710000014766,110108,0006,CD-0017425,VES
P-9 2026 03 al 03 18,2026-04-30,UNRECONCILED,M428002,2026-04-03,LIQ MONEDERO PATRIA-LIQ MONEDERO PATRIA,CREDIT,19838.75,VENEZUELA MERCHANT,01020684710000014766,110108,0006,CD-0003677,VES
P-9 2026 03 al 03 18,2026-04-30,UNRECONCILED,D42800050,2026-04-03,LIQ TARJETA DEBITO MAESTRO BDV-LIQ TARJETA DEBITO MAESTRO BDV,CREDIT,36154.33,VENEZUELA MERCHANT,01020684710000014766,110108,0006,CD-0017425,VES
P-9 2026 03 al 03 18,2026-04-30,UNRECONCILED,D42800676,2026-04-03,LIQ TARJETA DEBITO MAESTRO BDV-LIQ TARJETA DEBITO MAESTRO BDV,CREDIT,20699.25,VENEZUELA MERCHANT,01020684710000014766,110108,0006,CD-0017425,VES
P-9 2026 03 al 03 18,2026-04-30,UNRECONCILED,D42800677,2026-04-03,LIQ TARJETA DEBITO MAESTRO BDV-LIQ TARJETA DEBITO MAESTRO BDV,CREDIT,45967.19,VENEZUELA MERCHANT,01020684710000014766,110108,0006,CD-0017425,VES
P-9 2026 03 al 03 18,2026-04-30,UNRECONCILED,D42800674,2026-04-03,LIQ TARJETA DEBITO MAESTRO BDV-LIQ TARJETA DEBITO MAESTRO BDV,CREDIT,2758.26,VENEZUELA MERCHANT,01020684710000014766,110108,0006,CD-0017425,VES
P-9 2026 03 al 03 18,2026-04-30,UNRECONCILED,D42800675,2026-04-03,LIQ TARJETA DEBITO MAESTRO BDV-LIQ TARJETA DEBITO MAESTRO BDV,CREDIT,62977.58,VENEZUELA MERCHANT,01020684710000014766,110108,0006,CD-0017425,VES
P-9 2026 03 al 03 18,2026-04-30,UNRECONCILED,D42800759,2026-04-03,LIQ TARJETA DEBITO MAESTRO BDV-LIQ TARJETA DEBITO MAESTRO BDV,CREDIT,52849.27,VENEZUELA MERCHANT,01020684710000014766,110108,0006,CD-0017425,VES
P-9 2026 03 al 03 18,2026-04-30,UNRECONCILED,D42800760,2026-04-03,LIQ TARJETA DEBITO MAESTRO BDV-LIQ TARJETA DEBITO MAESTRO BDV,CREDIT,107384.32,VENEZUELA MERCHANT,01020684710000014766,110108,0006,CD-0017425,VES
P-9 2026 03 al 03 18,2026-04-30,UNRECONCILED,D42800753,2026-04-03,LIQ TARJETA DEBITO MAESTRO BDV-LIQ TARJETA DEBITO MAESTRO BDV,CREDIT,19085.7,VENEZUELA MERCHANT,01020684710000014766,110108,0006,CD-0017425,VES
P-9 2026 03 al 03 18,2026-04-30,UNRECONCILED,D42800754,2026-04-03,LIQ TARJETA DEBITO MAESTRO BDV-LIQ TARJETA DEBITO MAESTRO BDV,CREDIT,152975.31,VENEZUELA MERCHANT,01020684710000014766,110108,0006,CD-0017425,VES
P-9 2026 03 al 03 18,2026-04-30,UNRECONCILED,D42800466,2026-04-03,LIQ TARJETA DEBITO MAESTRO BDV-LIQ TARJETA DEBITO MAESTRO BDV,CREDIT,10597.33,VENEZUELA MERCHANT,01020684710000014766,110108,0006,CD-0017425,VES
P-9 2026 03 al 03 18,2026-04-30,UNRECONCILED,D42800467,2026-04-03,LIQ TARJETA DEBITO MAESTRO BDV-LIQ TARJETA DEBITO MAESTRO BDV,CREDIT,26843.45,VENEZUELA MERCHANT,01020684710000014766,110108,0006,CD-0017425,VES
P-9 2026 03 al 03 18,2026-04-30,UNRECONCILED,D42800757,2026-04-03,LIQ TARJETA DEBITO MAESTRO BDV-LIQ TARJETA DEBITO MAESTRO BDV,CREDIT,16520.98,VENEZUELA MERCHANT,01020684710000014766,110108,0006,CD-0017425,VES
P-9 2026 03 al 03 18,2026-04-30,UNRECONCILED,D42800758,2026-04-03,LIQ TARJETA DEBITO MAESTRO BDV-LIQ TARJETA DEBITO MAESTRO BDV,CREDIT,128614.5,VENEZUELA MERCHANT,01020684710000014766,110108,0006,CD-0017425,VES
P-9 2026 03 al 03 18,2026-04-30,UNRECONCILED,D42800544,2026-04-03,LIQ TARJETA DEBITO MAESTRO BDV-LIQ TARJETA DEBITO MAESTRO BDV,CREDIT,127198.85,VENEZUELA MERCHANT,01020684710000014766,110108,0006,CD-0017425,VES
P-9 2026 03 al 03 18,2026-04-30,UNRECONCILED,D42800545,2026-04-03,LIQ TARJETA DEBITO MAESTRO BDV-LIQ TARJETA DEBITO MAESTRO BDV,CREDIT,99262.33,VENEZUELA MERCHANT,01020684710000014766,110108,0006,CD-0017425,VES
P-9 2026 03 al 03 18,2026-04-30,UNRECONCILED,D42800670,2026-04-03,LIQ TARJETA DEBITO MAESTRO BDV-LIQ TARJETA DEBITO MAESTRO BDV,CREDIT,5441.21,VENEZUELA MERCHANT,01020684710000014766,110108,0006,CD-0017425,VES
P-9 2026 03 al 03 18,2026-04-30,UNRECONCILED,D42800671,2026-04-03,LIQ TARJETA DEBITO MAESTRO BDV-LIQ TARJETA DEBITO MAESTRO BDV,CREDIT,149824.22,VENEZUELA MERCHANT,01020684710000014766,110108,0006,CD-0017425,VES
P-9 2026 03 al 03 18,2026-04-30,UNRECONCILED,D42800580,2026-04-03,LIQ TARJETA DEBITO MAESTRO BDV-LIQ TARJETA DEBITO MAESTRO BDV,CREDIT,2678.53,VENEZUELA MERCHANT,01020684710000014766,110108,0006,CD-0017425,VES
P-9 2026 03 al 03 18,2026-04-30,UNRECONCILED,D42800581,2026-04-03,LIQ TARJETA DEBITO MAESTRO BDV-LIQ TARJETA DEBITO MAESTRO BDV,CREDIT,50865.71,VENEZUELA MERCHANT,01020684710000014766,110108,0006,CD-0017425,VES
P-9 2026 03 al 03 18,2026-04-30,UNRECONCILED,D42800744,2026-04-03,LIQ TARJETA DEBITO MAESTRO BDV-LIQ TARJETA DEBITO MAESTRO BDV,CREDIT,57623.4,VENEZUELA MERCHANT,01020684710000014766,110108,0006,CD-0017425,VES
P-9 2026 03 al 03 18,2026-04-30,UNRECONCILED,D42800745,2026-04-03,LIQ TARJETA DEBITO MAESTRO BDV-LIQ TARJETA DEBITO MAESTRO BDV,CREDIT,132221.38,VENEZUELA MERCHANT,01020684710000014766,110108,0006,CD-0017425,VES
P-9 2026 03 al 03 18,2026-04-30,UNRECONCILED,C48000370,2026-04-03,LIQUIDACION T CREDITO VS MC BD-LIQUIDACION T CREDITO VS MC BD,CREDIT,14822.77,VENEZUELA MERCHANT,01020684710000014766,110108,0006,CD-0017430,VES
P-9 2026 03 al 03 18,2026-04-30,UNRECONCILED,C48000636,2026-04-03,LIQUIDACION T CREDITO VS MC BD-LIQUIDACION T CREDITO VS MC BD,CREDIT,19623.83,VENEZUELA MERCHANT,01020684710000014766,110108,0006,CD-0017430,VES
P-9 2026 03 al 03 18,2026-04-30,UNRECONCILED,D48300774,2026-04-03,LIQ TARJETA DEBITO MAESTRO BDV-LIQ TARJETA DEBITO MAESTRO BDV,CREDIT,90192.69,VENEZUELA MERCHANT,01020684710000014766,110108,0006,CD-0017425,VES
P-9 2026 03 al 03 18,2026-04-30,UNRECONCILED,C48300020,2026-04-03,LIQUIDACION T CREDITO VS MC BD-LIQUIDACION T CREDITO VS MC BD,CREDIT,10771.72,VENEZUELA MERCHANT,01020684710000014766,110108,0006,CD-0017430,VES
P-9 2026 03 al 03 18,2026-04-30,UNRECONCILED,D48400736,2026-04-03,LIQ TARJETA DEBITO MAESTRO BDV-LIQ TARJETA DEBITO MAESTRO BDV,CREDIT,114830.88,VENEZUELA MERCHANT,01020684710000014766,110108,0006,CD-0017425,VES
P-9 2026 03 al 03 18,2026-04-30,UNRECONCILED,D50400245,2026-04-03,LIQ TARJETA DEBITO MAESTRO BDV-LIQ TARJETA DEBITO MAESTRO BDV,CREDIT,55071.58,VENEZUELA MERCHANT,01020684710000014766,110108,0006,CD-0017425,VES
P-9 2026 03 al 03 18,2026-04-30,UNRECONCILED,D50400245,2026-04-03,LIQ TARJETA DEBITO MAESTRO BDV-LIQ TARJETA DEBITO MAESTRO BDV,CREDIT,117411.18,VENEZUELA MERCHANT,01020684710000014766,110108,0006,CD-0017425,VES
P-9 2026 03 al 03 18,2026-04-30,UNRECONCILED,D50700515,2026-04-03,LIQ TARJETA DEBITO MAESTRO BDV-LIQ TARJETA DEBITO MAESTRO BDV,CREDIT,19675.81,VENEZUELA MERCHANT,01020684710000014766,110108,0006,CD-0017425,VES
P-9 2026 03 al 03 18,2026-04-30,UNRECONCILED,D50700516,2026-04-03,LIQ TARJETA DEBITO MAESTRO BDV-LIQ TARJETA DEBITO MAESTRO BDV,CREDIT,110353.65,VENEZUELA MERCHANT,01020684710000014766,110108,0006,CD-0017425,VES
P-9 2026 03 al 03 18,2026-04-30,UNRECONCILED,D50700516,2026-04-03,LIQ TARJETA DEBITO MAESTRO BDV-LIQ TARJETA DEBITO MAESTRO BDV,CREDIT,41650.73,VENEZUELA MERCHANT,01020684710000014766,110108,0006,CD-0017425,VES
P-9 2026 03 al 03 18,2026-04-30,UNRECONCILED,D50700516,2026-04-03,LIQ TARJETA DEBITO MAESTRO BDV-LIQ TARJETA DEBITO MAESTRO BDV,CREDIT,12913.92,VENEZUELA MERCHANT,01020684710000014766,110108,0006,CD-0017425,VES
P-9 2026 03 al 03 18,2026-04-30,UNRECONCILED,D50700511,2026-04-03,LIQ TARJETA DEBITO MAESTRO BDV-LIQ TARJETA DEBITO MAESTRO BDV,CREDIT,21298.37,VENEZUELA MERCHANT,01020684710000014766,110108,0006,CD-0017425,VES
P-9 2026 03 al 03 18,2026-04-30,UNRECONCILED,D50700512,2026-04-03,LIQ TARJETA DEBITO MAESTRO BDV-LIQ TARJETA DEBITO MAESTRO BDV,CREDIT,161799.4,VENEZUELA MERCHANT,01020684710000014766,110108,0006,CD-0017425,VES
P-9 2026 03 al 03 18,2026-04-30,UNRECONCILED,D51000241,2026-04-03,LIQ TARJETA DEBITO MAESTRO BDV-LIQ TARJETA DEBITO MAESTRO BDV,CREDIT,18804.42,VENEZUELA MERCHANT,01020684710000014766,110108,0006,CD-0017425,VES
P-9 2026 03 al 03 18,2026-04-30,UNRECONCILED,D51000242,2026-04-03,LIQ TARJETA DEBITO MAESTRO BDV-LIQ TARJETA DEBITO MAESTRO BDV,CREDIT,86636.49,VENEZUELA MERCHANT,01020684710000014766,110108,0006,CD-0017425,VES
P-9 2026 03 al 03 18,2026-04-30,UNRECONCILED,D51000242,2026-04-03,LIQ TARJETA DEBITO MAESTRO BDV-LIQ TARJETA DEBITO MAESTRO BDV,CREDIT,32269.87,VENEZUELA MERCHANT,01020684710000014766,110108,0006,CD-0017425,VES
P-9 2026 03 al 03 18,2026-04-30,UNRECONCILED,M591002,2026-04-03,LIQ MONEDERO PATRIA-LIQ MONEDERO PATRIA,CREDIT,4002.82,VENEZUELA MERCHANT,01020684710000014766,110108,0006,CD-0003677,VES
P-9 2026 03 al 03 18,2026-04-30,UNRECONCILED,D59100178,2026-04-03,LIQ TARJETA DEBITO MAESTRO BDV-LIQ TARJETA DEBITO MAESTRO BDV,CREDIT,14571.37,VENEZUELA MERCHANT,01020684710000014766,110108,0006,CD-0017425,VES
P-9 2026 03 al 03 18,2026-04-30,UNRECONCILED,D59300414,2026-04-03,LIQ TARJETA DEBITO MAESTRO BDV-LIQ TARJETA DEBITO MAESTRO BDV,CREDIT,9733.87,VENEZUELA MERCHANT,01020684710000014766,110108,0006,CD-0017425,VES
P-9 2026 03 al 03 18,2026-04-30,UNRECONCILED,D59900005,2026-04-03,LIQ TARJETA DEBITO MAESTRO BDV-LIQ TARJETA DEBITO MAESTRO BDV,CREDIT,462.08,VENEZUELA MERCHANT,01020684710000014766,110108,0006,CD-0017425,VES
P-9 2026 03 al 03 18,2026-04-30,UNRECONCILED,M600002,2026-04-03,LIQ MONEDERO PATRIA-LIQ MONEDERO PATRIA,CREDIT,6739.57,VENEZUELA MERCHANT,01020684710000014766,110108,0006,CD-0003677,VES
P-9 2026 03 al 03 18,2026-04-30,UNRECONCILED,D60000360,2026-04-03,LIQ TARJETA DEBITO MAESTRO BDV-LIQ TARJETA DEBITO MAESTRO BDV,CREDIT,9719.89,VENEZUELA MERCHANT,01020684710000014766,110108,0006,CD-0017425,VES
P-9 2026 03 al 03 18,2026-04-30,UNRECONCILED,D60100772,2026-04-03,LIQ TARJETA DEBITO MAESTRO BDV-LIQ TARJETA DEBITO MAESTRO BDV,CREDIT,118177.54,VENEZUELA MERCHANT,01020684710000014766,110108,0006,CD-0017425,VES
P-9 2026 03 al 03 18,2026-04-30,UNRECONCILED,M604002,2026-04-03,LIQ MONEDERO PATRIA-LIQ MONEDERO PATRIA,CREDIT,1321.96,VENEZUELA MERCHANT,01020684710000014766,110108,0006,CD-0003677,VES
P-9 2026 03 al 03 18,2026-04-30,UNRECONCILED,D60600238,2026-04-03,LIQ TARJETA DEBITO MAESTRO BDV-LIQ TARJETA DEBITO MAESTRO BDV,CREDIT,80630.48,VENEZUELA MERCHANT,01020684710000014766,110108,0006,CD-0017425,VES
P-9 2026 03 al 03 18,2026-04-30,UNRECONCILED,D60800824,2026-04-03,LIQ TARJETA DEBITO MAESTRO BDV-LIQ TARJETA DEBITO MAESTRO BDV,CREDIT,125197.53,VENEZUELA MERCHANT,01020684710000014766,110108,0006,CD-0017425,VES
P-9 2026 03 al 03 18,2026-04-30,UNRECONCILED,D66000995,2026-04-03,LIQ TARJETA DEBITO MAESTRO BDV-LIQ TARJETA DEBITO MAESTRO BDV,CREDIT,9046.57,VENEZUELA MERCHANT,01020684710000014766,110108,0006,CD-0017425,VES
P-9 2026 03 al 03 18,2026-04-30,UNRECONCILED,D66200384,2026-04-03,LIQ TARJETA DEBITO MAESTRO BDV-LIQ TARJETA DEBITO MAESTRO BDV,CREDIT,4057.43,VENEZUELA MERCHANT,01020684710000014766,110108,0006,CD-0017425,VES
P-9 2026 03 al 03 18,2026-04-30,UNRECONCILED,D66200383,2026-04-03,LIQ TARJETA DEBITO MAESTRO BDV-LIQ TARJETA DEBITO MAESTRO BDV,CREDIT,7422.13,VENEZUELA MERCHANT,01020684710000014766,110108,0006,CD-0017425,VES
P-9 2026 03 al 03 18,2026-04-30,UNRECONCILED,D66200384,2026-04-03,LIQ TARJETA DEBITO MAESTRO BDV-LIQ TARJETA DEBITO MAESTRO BDV,CREDIT,40721.98,VENEZUELA MERCHANT,01020684710000014766,110108,0006,CD-0017425,VES
P-9 2026 03 al 03 18,2026-04-30,UNRECONCILED,D66600097,2026-04-03,LIQ TARJETA DEBITO MAESTRO BDV-LIQ TARJETA DEBITO MAESTRO BDV,CREDIT,54950.36,VENEZUELA MERCHANT,01020684710000014766,110108,0006,CD-0017425,VES
P-9 2026 03 al 03 18,2026-04-30,UNRECONCILED,D66700375,2026-04-03,LIQ TARJETA DEBITO MAESTRO BDV-LIQ TARJETA DEBITO MAESTRO BDV,CREDIT,44585.64,VENEZUELA MERCHANT,01020684710000014766,110108,0006,CD-0017425,VES
P-9 2026 03 al 03 18,2026-04-30,UNRECONCILED,D66700363,2026-04-03,LIQ TARJETA DEBITO MAESTRO BDV-LIQ TARJETA DEBITO MAESTRO BDV,CREDIT,41179.21,VENEZUELA MERCHANT,01020684710000014766,110108,0006,CD-0017425,VES
P-9 2026 03 al 03 18,2026-04-30,UNRECONCILED,D66800425,2026-04-03,LIQ TARJETA DEBITO MAESTRO BDV-LIQ TARJETA DEBITO MAESTRO BDV,CREDIT,58217.9,VENEZUELA MERCHANT,01020684710000014766,110108,0006,CD-0017425,VES
P-9 2026 03 al 03 18,2026-04-30,UNRECONCILED,D66800102,2026-04-03,LIQ TARJETA DEBITO MAESTRO BDV-LIQ TARJETA DEBITO MAESTRO BDV,CREDIT,120034.47,VENEZUELA MERCHANT,01020684710000014766,110108,0006,CD-0017425,VES
P-9 2026 03 al 03 18,2026-04-30,UNRECONCILED,D66800396,2026-04-03,LIQ TARJETA DEBITO MAESTRO BDV-LIQ TARJETA DEBITO MAESTRO BDV,CREDIT,38451.0,VENEZUELA MERCHANT,01020684710000014766,110108,0006,CD-0017425,VES
P-9 2026 03 al 03 18,2026-04-30,UNRECONCILED,D66900056,2026-04-03,LIQ TARJETA DEBITO MAESTRO BDV-LIQ TARJETA DEBITO MAESTRO BDV,CREDIT,44915.09,VENEZUELA MERCHANT,01020684710000014766,110108,0006,CD-0017425,VES
P-9 2026 03 al 03 18,2026-04-30,UNRECONCILED,D66900073,2026-04-03,LIQ TARJETA DEBITO MAESTRO BDV-LIQ TARJETA DEBITO MAESTRO BDV,CREDIT,40803.25,VENEZUELA MERCHANT,01020684710000014766,110108,0006,CD-0017425,VES
P-9 2026 03 al 03 18,2026-04-30,UNRECONCILED,D66900074,2026-04-03,LIQ TARJETA DEBITO MAESTRO BDV-LIQ TARJETA DEBITO MAESTRO BDV,CREDIT,13685.56,VENEZUELA MERCHANT,01020684710000014766,110108,0006,CD-0017425,VES
P-9 2026 03 al 03 18,2026-04-30,UNRECONCILED,D66900073,2026-04-03,LIQ TARJETA DEBITO MAESTRO BDV-LIQ TARJETA DEBITO MAESTRO BDV,CREDIT,35995.9,VENEZUELA MERCHANT,01020684710000014766,110108,0006,CD-0017425,VES
P-9 2026 03 al 03 18,2026-04-30,UNRECONCILED,D66900074,2026-04-03,LIQ TARJETA DEBITO MAESTRO BDV-LIQ TARJETA DEBITO MAESTRO BDV,CREDIT,12559.18,VENEZUELA MERCHANT,01020684710000014766,110108,0006,CD-0017425,VES
P-9 2026 03 al 03 18,2026-04-30,UNRECONCILED,D66900075,2026-04-03,LIQ TARJETA DEBITO MAESTRO BDV-LIQ TARJETA DEBITO MAESTRO BDV,CREDIT,61193.99,VENEZUELA MERCHANT,01020684710000014766,110108,0006,CD-0017425,VES
P-9 2026 03 al 03 18,2026-04-30,UNRECONCILED,D67100076,2026-04-03,LIQ TARJETA DEBITO MAESTRO BDV-LIQ TARJETA DEBITO MAESTRO BDV,CREDIT,84057.8,VENEZUELA MERCHANT,01020684710000014766,110108,0006,CD-0017425,VES
P-9 2026 03 al 03 18,2026-04-30,UNRECONCILED,D67100073,2026-04-03,LIQ TARJETA DEBITO MAESTRO BDV-LIQ TARJETA DEBITO MAESTRO BDV,CREDIT,41112.23,VENEZUELA MERCHANT,01020684710000014766,110108,0006,CD-0017425,VES
P-9 2026 03 al 03 18,2026-04-30,UNRECONCILED,D67100081,2026-04-03,LIQ TARJETA DEBITO MAESTRO BDV-LIQ TARJETA DEBITO MAESTRO BDV,CREDIT,69055.32,VENEZUELA MERCHANT,01020684710000014766,110108,0006,CD-0017425,VES
P-9 2026 03 al 03 18,2026-04-30,UNRECONCILED,D67100073,2026-04-03,LIQ TARJETA DEBITO MAESTRO BDV-LIQ TARJETA DEBITO MAESTRO BDV,CREDIT,25486.58,VENEZUELA MERCHANT,01020684710000014766,110108,0006,CD-0017425,VES
P-9 2026 03 al 03 18,2026-04-30,UNRECONCILED,D67100074,2026-04-03,LIQ TARJETA DEBITO MAESTRO BDV-LIQ TARJETA DEBITO MAESTRO BDV,CREDIT,54665.52,VENEZUELA MERCHANT,01020684710000014766,110108,0006,CD-0017425,VES
P-9 2026 03 al 03 18,2026-04-30,UNRECONCILED,D67500164,2026-04-03,LIQ TARJETA DEBITO MAESTRO BDV-LIQ TARJETA DEBITO MAESTRO BDV,CREDIT,40704.06,VENEZUELA MERCHANT,01020684710000014766,110108,0006,CD-0017425,VES
P-9 2026 03 al 03 18,2026-04-30,UNRECONCILED,D67500414,2026-04-03,LIQ TARJETA DEBITO MAESTRO BDV-LIQ TARJETA DEBITO MAESTRO BDV,CREDIT,316325.06,VENEZUELA MERCHANT,01020684710000014766,110108,0006,CD-0017425,VES
P-9 2026 03 al 03 18,2026-04-30,UNRECONCILED,D68200183,2026-04-03,LIQ TARJETA DEBITO MAESTRO BDV-LIQ TARJETA DEBITO MAESTRO BDV,CREDIT,18941.4,VENEZUELA MERCHANT,01020684710000014766,110108,0006,CD-0017425,VES
P-9 2026 03 al 03 18,2026-04-30,UNRECONCILED,D68200974,2026-04-03,LIQ TARJETA DEBITO MAESTRO BDV-LIQ TARJETA DEBITO MAESTRO BDV,CREDIT,216661.87,VENEZUELA MERCHANT,01020684710000014766,110108,0006,CD-0017425,VES
P-9 2026 03 al 03 18,2026-04-30,UNRECONCILED,D69900194,2026-04-03,LIQ TARJETA DEBITO MAESTRO BDV-LIQ TARJETA DEBITO MAESTRO BDV,CREDIT,2264.62,VENEZUELA MERCHANT,01020684710000014766,110108,0006,CD-0017425,VES
P-9 2026 03 al 03 18,2026-04-30,UNRECONCILED,D70000198,2026-04-03,LIQ TARJETA DEBITO MAESTRO BDV-LIQ TARJETA DEBITO MAESTRO BDV,CREDIT,88729.07,VENEZUELA MERCHANT,01020684710000014766,110108,0006,CD-0017425,VES
P-9 2026 03 al 03 18,2026-04-30,UNRECONCILED,D80100120,2026-04-03,LIQ TARJETA DEBITO MAESTRO BDV-LIQ TARJETA DEBITO MAESTRO BDV,CREDIT,27313.4,VENEZUELA MERCHANT,01020684710000014766,110108,0006,CD-0017425,VES
P-9 2026 03 al 03 18,2026-04-30,UNRECONCILED,D80100121,2026-04-03,LIQ TARJETA DEBITO MAESTRO BDV-LIQ TARJETA DEBITO MAESTRO BDV,CREDIT,997.0,VENEZUELA MERCHANT,01020684710000014766,110108,0006,CD-0017425,VES
P-9 2026 03 al 03 18,2026-04-30,UNRECONCILED,D80100050,2026-04-03,LIQ TARJETA DEBITO MAESTRO BDV-LIQ TARJETA DEBITO MAESTRO BDV,CREDIT,3340.05,VENEZUELA MERCHANT,01020684710000014766,110108,0006,CD-0017425,VES
P-9 2026 03 al 03 18,2026-04-30,UNRECONCILED,D80100124,2026-04-03,LIQ TARJETA DEBITO MAESTRO BDV-LIQ TARJETA DEBITO MAESTRO BDV,CREDIT,34341.33,VENEZUELA MERCHANT,01020684710000014766,110108,0006,CD-0017425,VES
P-9 2026 03 al 03 18,2026-04-30,UNRECONCILED,D80100125,2026-04-03,LIQ TARJETA DEBITO MAESTRO BDV-LIQ TARJETA DEBITO MAESTRO BDV,CREDIT,72265.42,VENEZUELA MERCHANT,01020684710000014766,110108,0006,CD-0017425,VES
P-9 2026 03 al 03 18,2026-04-30,UNRECONCILED,D80100139,2026-04-03,LIQ TARJETA DEBITO MAESTRO BDV-LIQ TARJETA DEBITO MAESTRO BDV,CREDIT,55721.0,VENEZUELA MERCHANT,01020684710000014766,110108,0006,CD-0017425,VES
P-9 2026 03 al 03 18,2026-04-30,UNRECONCILED,D80100140,2026-04-03,LIQ TARJETA DEBITO MAESTRO BDV-LIQ TARJETA DEBITO MAESTRO BDV,CREDIT,156340.68,VENEZUELA MERCHANT,01020684710000014766,110108,0006,CD-0017425,VES
P-9 2026 03 al 03 18,2026-04-30,UNRECONCILED,D80100139,2026-04-03,LIQ TARJETA DEBITO MAESTRO BDV-LIQ TARJETA DEBITO MAESTRO BDV,CREDIT,30517.77,VENEZUELA MERCHANT,01020684710000014766,110108,0006,CD-0017425,VES
P-9 2026 03 al 03 18,2026-04-30,UNRECONCILED,D80100140,2026-04-03,LIQ TARJETA DEBITO MAESTRO BDV-LIQ TARJETA DEBITO MAESTRO BDV,CREDIT,145390.13,VENEZUELA MERCHANT,01020684710000014766,110108,0006,CD-0017425,VES
P-9 2026 03 al 03 18,2026-04-30,UNRECONCILED,D80100142,2026-04-03,LIQ TARJETA DEBITO MAESTRO BDV-LIQ TARJETA DEBITO MAESTRO BDV,CREDIT,49540.26,VENEZUELA MERCHANT,01020684710000014766,110108,0006,CD-0017425,VES
P-9 2026 03 al 03 18,2026-04-30,UNRECONCILED,D80100143,2026-04-03,LIQ TARJETA DEBITO MAESTRO BDV-LIQ TARJETA DEBITO MAESTRO BDV,CREDIT,102253.43,VENEZUELA MERCHANT,01020684710000014766,110108,0006,CD-0017425,VES
P-9 2026 03 al 03 18,2026-04-30,UNRECONCILED,D80100082,2026-04-03,LIQ TARJETA DEBITO MAESTRO BDV-LIQ TARJETA DEBITO MAESTRO BDV,CREDIT,4034.02,VENEZUELA MERCHANT,01020684710000014766,110108,0006,CD-0017425,VES
P-9 2026 03 al 03 18,2026-04-30,UNRECONCILED,D80100140,2026-04-03,LIQ TARJETA DEBITO MAESTRO BDV-LIQ TARJETA DEBITO MAESTRO BDV,CREDIT,80734.89,VENEZUELA MERCHANT,01020684710000014766,110108,0006,CD-0017425,VES
P-9 2026 03 al 03 18,2026-04-30,UNRECONCILED,D80100141,2026-04-03,LIQ TARJETA DEBITO MAESTRO BDV-LIQ TARJETA DEBITO MAESTRO BDV,CREDIT,150953.52,VENEZUELA MERCHANT,01020684710000014766,110108,0006,CD-0017425,VES
P-9 2026 03 al 03 18,2026-04-30,UNRECONCILED,D80100119,2026-04-03,LIQ TARJETA DEBITO MAESTRO BDV-LIQ TARJETA DEBITO MAESTRO BDV,CREDIT,23149.11,VENEZUELA MERCHANT,01020684710000014766,110108,0006,CD-0017425,VES
P-9 2026 03 al 03 18,2026-04-30,UNRECONCILED,D80100118,2026-04-03,LIQ TARJETA DEBITO MAESTRO BDV-LIQ TARJETA DEBITO MAESTRO BDV,CREDIT,25524.8,VENEZUELA MERCHANT,01020684710000014766,110108,0006,CD-0017425,VES
P-9 2026 03 al 03 18,2026-04-30,UNRECONCILED,D80100070,2026-04-03,LIQ TARJETA DEBITO MAESTRO BDV-LIQ TARJETA DEBITO MAESTRO BDV,CREDIT,1078.41,VENEZUELA MERCHANT,01020684710000014766,110108,0006,CD-0017425,VES
P-9 2026 03 al 03 18,2026-04-30,UNRECONCILED,D80100130,2026-04-03,LIQ TARJETA DEBITO MAESTRO BDV-LIQ TARJETA DEBITO MAESTRO BDV,CREDIT,37521.35,VENEZUELA MERCHANT,01020684710000014766,110108,0006,CD-0017425,VES
P-9 2026 03 al 03 18,2026-04-30,UNRECONCILED,D80100135,2026-04-03,LIQ TARJETA DEBITO MAESTRO BDV-LIQ TARJETA DEBITO MAESTRO BDV,CREDIT,90880.73,VENEZUELA MERCHANT,01020684710000014766,110108,0006,CD-0017425,VES
P-9 2026 03 al 03 18,2026-04-30,UNRECONCILED,D80100136,2026-04-03,LIQ TARJETA DEBITO MAESTRO BDV-LIQ TARJETA DEBITO MAESTRO BDV,CREDIT,277310.23,VENEZUELA MERCHANT,01020684710000014766,110108,0006,CD-0017425,VES
P-9 2026 03 al 03 18,2026-04-30,UNRECONCILED,D80100131,2026-04-03,LIQ TARJETA DEBITO MAESTRO BDV-LIQ TARJETA DEBITO MAESTRO BDV,CREDIT,135822.4,VENEZUELA MERCHANT,01020684710000014766,110108,0006,CD-0017425,VES
P-9 2026 03 al 03 18,2026-04-30,UNRECONCILED,D80100040,2026-04-03,LIQ TARJETA DEBITO MAESTRO BDV-LIQ TARJETA DEBITO MAESTRO BDV,CREDIT,3474.84,VENEZUELA MERCHANT,01020684710000014766,110108,0006,CD-0017425,VES
P-9 2026 03 al 03 18,2026-04-30,UNRECONCILED,D80100119,2026-04-03,LIQ TARJETA DEBITO MAESTRO BDV-LIQ TARJETA DEBITO MAESTRO BDV,CREDIT,25769.72,VENEZUELA MERCHANT,01020684710000014766,110108,0006,CD-0017425,VES
P-9 2026 03 al 03 18,2026-04-30,UNRECONCILED,D80100120,2026-04-03,LIQ TARJETA DEBITO MAESTRO BDV-LIQ TARJETA DEBITO MAESTRO BDV,CREDIT,240006.8,VENEZUELA MERCHANT,01020684710000014766,110108,0006,CD-0017425,VES
P-9 2026 03 al 03 18,2026-04-30,UNRECONCILED,D80100138,2026-04-03,LIQ TARJETA DEBITO MAESTRO BDV-LIQ TARJETA DEBITO MAESTRO BDV,CREDIT,24464.74,VENEZUELA MERCHANT,01020684710000014766,110108,0006,CD-0017425,VES
P-9 2026 03 al 03 18,2026-04-30,UNRECONCILED,D80100139,2026-04-03,LIQ TARJETA DEBITO MAESTRO BDV-LIQ TARJETA DEBITO MAESTRO BDV,CREDIT,143694.9,VENEZUELA MERCHANT,01020684710000014766,110108,0006,CD-0017425,VES
P-9 2026 03 al 03 18,2026-04-30,UNRECONCILED,BD3300002,2026-04-03,LIQUIDACION TDD BIOPAGOBDV-LIQUIDACION TDD BIOPAGOBDV,CREDIT,1172516.19,VENEZUELA MERCHANT,01020684710000014766,110108,0006,CD-0017403,VES
P-9 2026 03 al 03 18,2026-04-30,UNRECONCILED,BD4180002,2026-04-03,LIQUIDACION TDD BIOPAGOBDV-LIQUIDACION TDD BIOPAGOBDV,CREDIT,1984012.66,VENEZUELA MERCHANT,01020684710000014766,110108,0006,CD-0017403,VES
P-9 2026 03 al 03 18,2026-04-30,UNRECONCILED,BD4230002,2026-04-03,LIQUIDACION TDD BIOPAGOBDV-LIQUIDACION TDD BIOPAGOBDV,CREDIT,4347848.89,VENEZUELA MERCHANT,01020684710000014766,110108,0006,CD-0017403,VES
P-9 2026 03 al 03 18,2026-04-30,UNRECONCILED,BD6080002,2026-04-03,LIQUIDACION TDD BIOPAGOBDV-LIQUIDACION TDD BIOPAGOBDV,CREDIT,3937713.86,VENEZUELA MERCHANT,01020684710000014766,110108,0006,CD-0017403,VES
P-9 2026 03 al 03 18,2026-04-30,UNRECONCILED,BC1020002,2026-04-03,LIQUIDACION TDC BIOPAGOBDV-LIQUIDACION TDC BIOPAGOBDV,CREDIT,3105.78,VENEZUELA MERCHANT,01020684710000014766,110108,0006,CD-0017402,VES
P-9 2026 03 al 03 18,2026-04-30,UNRECONCILED,BD2100002,2026-04-03,LIQUIDACION TDD BIOPAGOBDV-LIQUIDACION TDD BIOPAGOBDV,CREDIT,1242248.64,VENEZUELA MERCHANT,01020684710000014766,110108,0006,CD-0017403,VES
P-9 2026 03 al 03 18,2026-04-30,UNRECONCILED,BD3190002,2026-04-03,LIQUIDACION TDD BIOPAGOBDV-LIQUIDACION TDD BIOPAGOBDV,CREDIT,1401427.22,VENEZUELA MERCHANT,01020684710000014766,110108,0006,CD-0017403,VES
P-9 2026 03 al 03 18,2026-04-30,UNRECONCILED,BD4220002,2026-04-03,LIQUIDACION TDD BIOPAGOBDV-LIQUIDACION TDD BIOPAGOBDV,CREDIT,4322180.14,VENEZUELA MERCHANT,01020684710000014766,110108,0006,CD-0017403,VES
P-9 2026 03 al 03 18,2026-04-30,UNRECONCILED,BD4270002,2026-04-03,LIQUIDACION TDD BIOPAGOBDV-LIQUIDACION TDD BIOPAGOBDV,CREDIT,3713389.88,VENEZUELA MERCHANT,01020684710000014766,110108,0006,CD-0017403,VES
P-9 2026 03 al 03 18,2026-04-30,UNRECONCILED,BD1420002,2026-04-03,LIQUIDACION TDD BIOPAGOBDV-LIQUIDACION TDD BIOPAGOBDV,CREDIT,1059464.64,VENEZUELA MERCHANT,01020684710000014766,110108,0006,CD-0017403,VES
P-9 2026 03 al 03 18,2026-04-30,UNRECONCILED,BD2120002,2026-04-03,LIQUIDACION TDD BIOPAGOBDV-LIQUIDACION TDD BIOPAGOBDV,CREDIT,4871891.64,VENEZUELA MERCHANT,01020684710000014766,110108,0006,CD-0017403,VES
P-9 2026 03 al 03 18,2026-04-30,UNRECONCILED,BD3040002,2026-04-03,LIQUIDACION TDD BIOPAGOBDV-LIQUIDACION TDD BIOPAGOBDV,CREDIT,1975211.81,VENEZUELA MERCHANT,01020684710000014766,110108,0006,CD-0017403,VES
P-9 2026 03 al 03 18,2026-04-30,UNRECONCILED,BD4800002,2026-04-03,LIQUIDACION TDD BIOPAGOBDV-LIQUIDACION TDD BIOPAGOBDV,CREDIT,3522775.68,VENEZUELA MERCHANT,01020684710000014766,110108,0006,CD-0017403,VES
P-9 2026 03 al 03 18,2026-04-30,UNRECONCILED,BD1380002,2026-04-03,LIQUIDACION TDD BIOPAGOBDV-LIQUIDACION TDD BIOPAGOBDV,CREDIT,2123377.02,VENEZUELA MERCHANT,01020684710000014766,110108,0006,CD-0017403,VES
P-9 2026 03 al 03 18,2026-04-30,UNRECONCILED,BC1420002,2026-04-03,LIQUIDACION TDC BIOPAGOBDV-LIQUIDACION TDC BIOPAGOBDV,CREDIT,11120.2,VENEZUELA MERCHANT,01020684710000014766,110108,0006,CD-0017402,VES
P-9 2026 03 al 03 18,2026-04-30,UNRECONCILED,BC1610002,2026-04-03,LIQUIDACION TDC BIOPAGOBDV-LIQUIDACION TDC BIOPAGOBDV,CREDIT,5858.68,VENEZUELA MERCHANT,01020684710000014766,110108,0006,CD-0017402,VES
P-9 2026 03 al 03 18,2026-04-30,UNRECONCILED,BC2090002,2026-04-03,LIQUIDACION TDC BIOPAGOBDV-LIQUIDACION TDC BIOPAGOBDV,CREDIT,13072.95,VENEZUELA MERCHANT,01020684710000014766,110108,0006,CD-0017402,VES
P-9 2026 03 al 03 18,2026-04-30,UNRECONCILED,BC2820002,2026-04-03,LIQUIDACION TDC BIOPAGOBDV-LIQUIDACION TDC BIOPAGOBDV,CREDIT,4953.99,VENEZUELA MERCHANT,01020684710000014766,110108,0006,CD-0017402,VES
P-9 2026 03 al 03 18,2026-04-30,UNRECONCILED,BD2970002,2026-04-03,LIQUIDACION TDD BIOPAGOBDV-LIQUIDACION TDD BIOPAGOBDV,CREDIT,4208508.11,VENEZUELA MERCHANT,01020684710000014766,110108,0006,CD-0017403,VES
P-9 2026 03 al 03 18,2026-04-30,UNRECONCILED,BD5040002,2026-04-03,LIQUIDACION TDD BIOPAGOBDV-LIQUIDACION TDD BIOPAGOBDV,CREDIT,3459238.66,VENEZUELA MERCHANT,01020684710000014766,110108,0006,CD-0017403,VES
P-9 2026 03 al 03 18,2026-04-30,UNRECONCILED,BD6030002,2026-04-03,LIQUIDACION TDD BIOPAGOBDV-LIQUIDACION TDD BIOPAGOBDV,CREDIT,1498389.03,VENEZUELA MERCHANT,01020684710000014766,110108,0006,CD-0017403,VES
P-9 2026 03 al 03 18,2026-04-30,UNRECONCILED,BC7030002,2026-04-03,LIQUIDACION TDC BIOPAGOBDV-LIQUIDACION TDC BIOPAGOBDV,CREDIT,7363.03,VENEZUELA MERCHANT,01020684710000014766,110108,0006,CD-0017402,VES
P-9 2026 03 al 03 18,2026-04-30,UNRECONCILED,BD1080002,2026-04-03,LIQUIDACION TDD BIOPAGOBDV-LIQUIDACION TDD BIOPAGOBDV,CREDIT,1794130.87,VENEZUELA MERCHANT,01020684710000014766,110108,0006,CD-0017403,VES
P-9 2026 03 al 03 18,2026-04-30,UNRECONCILED,BD2090002,2026-04-03,LIQUIDACION TDD BIOPAGOBDV-LIQUIDACION TDD BIOPAGOBDV,CREDIT,2233288.84,VENEZUELA MERCHANT,01020684710000014766,110108,0006,CD-0017403,VES
P-9 2026 03 al 03 18,2026-04-30,UNRECONCILED,BD4280002,2026-04-03,LIQUIDACION TDD BIOPAGOBDV-LIQUIDACION TDD BIOPAGOBDV,CREDIT,4208351.75,VENEZUELA MERCHANT,01020684710000014766,110108,0006,CD-0017403,VES
P-9 2026 03 al 03 18,2026-04-30,UNRECONCILED,BD4400002,2026-04-03,LIQUIDACION TDD BIOPAGOBDV-LIQUIDACION TDD BIOPAGOBDV,CREDIT,5684390.35,VENEZUELA MERCHANT,01020684710000014766,110108,0006,CD-0017403,VES
P-9 2026 03 al 03 18,2026-04-30,UNRECONCILED,BC1050002,2026-04-03,LIQUIDACION TDC BIOPAGOBDV-LIQUIDACION TDC BIOPAGOBDV,CREDIT,36412.97,VENEZUELA MERCHANT,01020684710000014766,110108,0006,CD-0017402,VES
P-9 2026 03 al 03 18,2026-04-30,UNRECONCILED,BD1090002,2026-04-03,LIQUIDACION TDD BIOPAGOBDV-LIQUIDACION TDD BIOPAGOBDV,CREDIT,2686520.65,VENEZUELA MERCHANT,01020684710000014766,110108,0006,CD-0017403,VES
P-9 2026 03 al 03 18,2026-04-30,UNRECONCILED,BD1290002,2026-04-03,LIQUIDACION TDD BIOPAGOBDV-LIQUIDACION TDD BIOPAGOBDV,CREDIT,824494.22,VENEZUELA MERCHANT,01020684710000014766,110108,0006,CD-0017403,VES
P-9 2026 03 al 03 18,2026-04-30,UNRECONCILED,BC3130002,2026-04-03,LIQUIDACION TDC BIOPAGOBDV-LIQUIDACION TDC BIOPAGOBDV,CREDIT,4953.13,VENEZUELA MERCHANT,01020684710000014766,110108,0006,CD-0017402,VES
P-9 2026 03 al 03 18,2026-04-30,UNRECONCILED,BD3230002,2026-04-03,LIQUIDACION TDD BIOPAGOBDV-LIQUIDACION TDD BIOPAGOBDV,CREDIT,1878601.81,VENEZUELA MERCHANT,01020684710000014766,110108,0006,CD-0017403,VES
P-9 2026 03 al 03 18,2026-04-30,UNRECONCILED,BD5000002,2026-04-03,LIQUIDACION TDD BIOPAGOBDV-LIQUIDACION TDD BIOPAGOBDV,CREDIT,1261065.99,VENEZUELA MERCHANT,01020684710000014766,110108,0006,CD-0017403,VES
P-9 2026 03 al 03 18,2026-04-30,UNRECONCILED,BD6000002,2026-04-03,LIQUIDACION TDD BIOPAGOBDV-LIQUIDACION TDD BIOPAGOBDV,CREDIT,1173489.19,VENEZUELA MERCHANT,01020684710000014766,110108,0006,CD-0017403,VES
P-9 2026 03 al 03 18,2026-04-30,UNRECONCILED,BC6040002,2026-04-03,LIQUIDACION TDC BIOPAGOBDV-LIQUIDACION TDC BIOPAGOBDV,CREDIT,6482.07,VENEZUELA MERCHANT,01020684710000014766,110108,0006,CD-0017402,VES
P-9 2026 03 al 03 18,2026-04-30,UNRECONCILED,BD6660002,2026-04-03,LIQUIDACION TDD BIOPAGOBDV-LIQUIDACION TDD BIOPAGOBDV,CREDIT,2706954.4,VENEZUELA MERCHANT,01020684710000014766,110108,0006,CD-0017403,VES
P-9 2026 03 al 03 18,2026-04-30,UNRECONCILED,BD5910002,2026-04-03,LIQUIDACION TDD BIOPAGOBDV-LIQUIDACION TDD BIOPAGOBDV,CREDIT,2065943.91,VENEZUELA MERCHANT,01020684710000014766,110108,0006,CD-0017403,VES
P-9 2026 03 al 03 18,2026-04-30,UNRECONCILED,BD2080002,2026-04-03,LIQUIDACION TDD BIOPAGOBDV-LIQUIDACION TDD BIOPAGOBDV,CREDIT,2731598.63,VENEZUELA MERCHANT,01020684710000014766,110108,0006,CD-0017403,VES
P-9 2026 03 al 03 18,2026-04-30,UNRECONCILED,BD5500002,2026-04-03,LIQUIDACION TDD BIOPAGOBDV-LIQUIDACION TDD BIOPAGOBDV,CREDIT,3733343.13,VENEZUELA MERCHANT,01020684710000014766,110108,0006,CD-0017403,VES
P-9 2026 03 al 03 18,2026-04-30,UNRECONCILED,BD1040002,2026-04-03,LIQUIDACION TDD BIOPAGOBDV-LIQUIDACION TDD BIOPAGOBDV,CREDIT,777038.47,VENEZUELA MERCHANT,01020684710000014766,110108,0006,CD-0017403,VES
P-9 2026 03 al 03 18,2026-04-30,UNRECONCILED,BC1090002,2026-04-03,LIQUIDACION TDC BIOPAGOBDV-LIQUIDACION TDC BIOPAGOBDV,CREDIT,936.79,VENEZUELA MERCHANT,01020684710000014766,110108,0006,CD-0017402,VES
P-9 2026 03 al 03 18,2026-04-30,UNRECONCILED,BD1350002,2026-04-03,LIQUIDACION TDD BIOPAGOBDV-LIQUIDACION TDD BIOPAGOBDV,CREDIT,608917.51,VENEZUELA MERCHANT,01020684710000014766,110108,0006,CD-0017403,VES
P-9 2026 03 al 03 18,2026-04-30,UNRECONCILED,BD1670002,2026-04-03,LIQUIDACION TDD BIOPAGOBDV-LIQUIDACION TDD BIOPAGOBDV,CREDIT,1387640.62,VENEZUELA MERCHANT,01020684710000014766,110108,0006,CD-0017403,VES
P-9 2026 03 al 03 18,2026-04-30,UNRECONCILED,BC1680002,2026-04-03,LIQUIDACION TDC BIOPAGOBDV-LIQUIDACION TDC BIOPAGOBDV,CREDIT,25465.69,VENEZUELA MERCHANT,01020684710000014766,110108,0006,CD-0017402,VES
P-9 2026 03 al 03 18,2026-04-30,UNRECONCILED,BC1710002,2026-04-03,LIQUIDACION TDC BIOPAGOBDV-LIQUIDACION TDC BIOPAGOBDV,CREDIT,4678.65,VENEZUELA MERCHANT,01020684710000014766,110108,0006,CD-0017402,VES
P-9 2026 03 al 03 18,2026-04-30,UNRECONCILED,BC2120002,2026-04-03,LIQUIDACION TDC BIOPAGOBDV-LIQUIDACION TDC BIOPAGOBDV,CREDIT,7856.62,VENEZUELA MERCHANT,01020684710000014766,110108,0006,CD-0017402,VES
P-9 2026 03 al 03 18,2026-04-30,UNRECONCILED,BD2690002,2026-04-03,LIQUIDACION TDD BIOPAGOBDV-LIQUIDACION TDD BIOPAGOBDV,CREDIT,1918348.26,VENEZUELA MERCHANT,01020684710000014766,110108,0006,CD-0017403,VES
P-9 2026 03 al 03 18,2026-04-30,UNRECONCILED,BC3040002,2026-04-03,LIQUIDACION TDC BIOPAGOBDV-LIQUIDACION TDC BIOPAGOBDV,CREDIT,1377.44,VENEZUELA MERCHANT,01020684710000014766,110108,0006,CD-0017402,VES
P-9 2026 03 al 03 18,2026-04-30,UNRECONCILED,BD3100002,2026-04-03,LIQUIDACION TDD BIOPAGOBDV-LIQUIDACION TDD BIOPAGOBDV,CREDIT,2079871.38,VENEZUELA MERCHANT,01020684710000014766,110108,0006,CD-0017403,VES
P-9 2026 03 al 03 18,2026-04-30,UNRECONCILED,BC3230002,2026-04-03,LIQUIDACION TDC BIOPAGOBDV-LIQUIDACION TDC BIOPAGOBDV,CREDIT,14037.42,VENEZUELA MERCHANT,01020684710000014766,110108,0006,CD-0017402,VES
P-9 2026 03 al 03 18,2026-04-30,UNRECONCILED,BD4170002,2026-04-03,LIQUIDACION TDD BIOPAGOBDV-LIQUIDACION TDD BIOPAGOBDV,CREDIT,1537187.85,VENEZUELA MERCHANT,01020684710000014766,110108,0006,CD-0017403,VES
P-9 2026 03 al 03 18,2026-04-30,UNRECONCILED,BD5990002,2026-04-03,LIQUIDACION TDD BIOPAGOBDV-LIQUIDACION TDD BIOPAGOBDV,CREDIT,1482194.15,VENEZUELA MERCHANT,01020684710000014766,110108,0006,CD-0017403,VES
P-9 2026 03 al 03 18,2026-04-30,UNRECONCILED,BD5060002,2026-04-03,LIQUIDACION TDD BIOPAGOBDV-LIQUIDACION TDD BIOPAGOBDV,CREDIT,855487.43,VENEZUELA MERCHANT,01020684710000014766,110108,0006,CD-0017403,VES
P-9 2026 03 al 03 18,2026-04-30,UNRECONCILED,BC6680002,2026-04-03,LIQUIDACION TDC BIOPAGOBDV-LIQUIDACION TDC BIOPAGOBDV,CREDIT,5317.54,VENEZUELA MERCHANT,01020684710000014766,110108,0006,CD-0017402,VES
P-9 2026 03 al 03 18,2026-04-30,UNRECONCILED,BC6750002,2026-04-03,LIQUIDACION TDC BIOPAGOBDV-LIQUIDACION TDC BIOPAGOBDV,CREDIT,743.08,VENEZUELA MERCHANT,01020684710000014766,110108,0006,CD-0017402,VES
P-9 2026 03 al 03 18,2026-04-30,UNRECONCILED,BD6800002,2026-04-03,LIQUIDACION TDD BIOPAGOBDV-LIQUIDACION TDD BIOPAGOBDV,CREDIT,3724321.38,VENEZUELA MERCHANT,01020684710000014766,110108,0006,CD-0017403,VES
P-9 2026 03 al 03 18,2026-04-30,UNRECONCILED,BD8010002,2026-04-03,LIQUIDACION TDD BIOPAGOBDV-LIQUIDACION TDD BIOPAGOBDV,CREDIT,2655515.49,VENEZUELA MERCHANT,01020684710000014766,110108,0006,CD-0017403,VES
P-9 2026 03 al 03 18,2026-04-30,UNRECONCILED,BD1250002,2026-04-03,LIQUIDACION TDD BIOPAGOBDV-LIQUIDACION TDD BIOPAGOBDV,CREDIT,912140.3,VENEZUELA MERCHANT,01020684710000014766,110108,0006,CD-0017403,VES
P-9 2026 03 al 03 18,2026-04-30,UNRECONCILED,BD2050002,2026-04-03,LIQUIDACION TDD BIOPAGOBDV-LIQUIDACION TDD BIOPAGOBDV,CREDIT,2161902.6,VENEZUELA MERCHANT,01020684710000014766,110108,0006,CD-0017403,VES
P-9 2026 03 al 03 18,2026-04-30,UNRECONCILED,BD2880002,2026-04-03,LIQUIDACION TDD BIOPAGOBDV-LIQUIDACION TDD BIOPAGOBDV,CREDIT,1434180.8,VENEZUELA MERCHANT,01020684710000014766,110108,0006,CD-0017403,VES
P-9 2026 03 al 03 18,2026-04-30,UNRECONCILED,BD4130002,2026-04-03,LIQUIDACION TDD BIOPAGOBDV-LIQUIDACION TDD BIOPAGOBDV,CREDIT,2302964.99,VENEZUELA MERCHANT,01020684710000014766,110108,0006,CD-0017403,VES
P-9 2026 03 al 03 18,2026-04-30,UNRECONCILED,BD1180002,2026-04-03,LIQUIDACION TDD BIOPAGOBDV-LIQUIDACION TDD BIOPAGOBDV,CREDIT,1120576.99,VENEZUELA MERCHANT,01020684710000014766,110108,0006,CD-0017403,VES
P-9 2026 03 al 03 18,2026-04-30,UNRECONCILED,BC1360002,2026-04-03,LIQUIDACION TDC BIOPAGOBDV-LIQUIDACION TDC BIOPAGOBDV,CREDIT,7597.25,VENEZUELA MERCHANT,01020684710000014766,110108,0006,CD-0017402,VES
P-9 2026 03 al 03 18,2026-04-30,UNRECONCILED,BC2980002,2026-04-03,LIQUIDACION TDC BIOPAGOBDV-LIQUIDACION TDC BIOPAGOBDV,CREDIT,12635.93,VENEZUELA MERCHANT,01020684710000014766,110108,0006,CD-0017402,VES
P-9 2026 03 al 03 18,2026-04-30,UNRECONCILED,BC3030002,2026-04-03,LIQUIDACION TDC BIOPAGOBDV-LIQUIDACION TDC BIOPAGOBDV,CREDIT,6175.68,VENEZUELA MERCHANT,01020684710000014766,110108,0006,CD-0017402,VES
P-9 2026 03 al 03 18,2026-04-30,UNRECONCILED,BD3080002,2026-04-03,LIQUIDACION TDD BIOPAGOBDV-LIQUIDACION TDD BIOPAGOBDV,CREDIT,1623783.7,VENEZUELA MERCHANT,01020684710000014766,110108,0006,CD-0017403,VES
P-9 2026 03 al 03 18,2026-04-30,UNRECONCILED,BC4230002,2026-04-03,LIQUIDACION TDC BIOPAGOBDV-LIQUIDACION TDC BIOPAGOBDV,CREDIT,5327.56,VENEZUELA MERCHANT,01020684710000014766,110108,0006,CD-0017402,VES
P-9 2026 03 al 03 18,2026-04-30,UNRECONCILED,BC4240002,2026-04-03,LIQUIDACION TDC BIOPAGOBDV-LIQUIDACION TDC BIOPAGOBDV,CREDIT,23282.2,VENEZUELA MERCHANT,01020684710000014766,110108,0006,CD-0017402,VES
P-9 2026 03 al 03 18,2026-04-30,UNRECONCILED,BC4250002,2026-04-03,LIQUIDACION TDC BIOPAGOBDV-LIQUIDACION TDC BIOPAGOBDV,CREDIT,10444.69,VENEZUELA MERCHANT,01020684710000014766,110108,0006,CD-0017402,VES
P-9 2026 03 al 03 18,2026-04-30,UNRECONCILED,BC5000002,2026-04-03,LIQUIDACION TDC BIOPAGOBDV-LIQUIDACION TDC BIOPAGOBDV,CREDIT,12404.3,VENEZUELA MERCHANT,01020684710000014766,110108,0006,CD-0017402,VES
P-9 2026 03 al 03 18,2026-04-30,UNRECONCILED,BC5990002,2026-04-03,LIQUIDACION TDC BIOPAGOBDV-LIQUIDACION TDC BIOPAGOBDV,CREDIT,6313.18,VENEZUELA MERCHANT,01020684710000014766,110108,0006,CD-0017402,VES
P-9 2026 03 al 03 18,2026-04-30,UNRECONCILED,BD6750002,2026-04-03,LIQUIDACION TDD BIOPAGOBDV-LIQUIDACION TDD BIOPAGOBDV,CREDIT,3178597.98,VENEZUELA MERCHANT,01020684710000014766,110108,0006,CD-0017403,VES
P-9 2026 03 al 03 18,2026-04-30,UNRECONCILED,BD1340002,2026-04-03,LIQUIDACION TDD BIOPAGOBDV-LIQUIDACION TDD BIOPAGOBDV,CREDIT,857014.0,VENEZUELA MERCHANT,01020684710000014766,110108,0006,CD-0017403,VES
P-9 2026 03 al 03 18,2026-04-30,UNRECONCILED,BD1360002,2026-04-03,LIQUIDACION TDD BIOPAGOBDV-LIQUIDACION TDD BIOPAGOBDV,CREDIT,888017.53,VENEZUELA MERCHANT,01020684710000014766,110108,0006,CD-0017403,VES
P-9 2026 03 al 03 18,2026-04-30,UNRECONCILED,BD1610002,2026-04-03,LIQUIDACION TDD BIOPAGOBDV-LIQUIDACION TDD BIOPAGOBDV,CREDIT,2688989.85,VENEZUELA MERCHANT,01020684710000014766,110108,0006,CD-0017403,VES
P-9 2026 03 al 03 18,2026-04-30,UNRECONCILED,BD2860002,2026-04-03,LIQUIDACION TDD BIOPAGOBDV-LIQUIDACION TDD BIOPAGOBDV,CREDIT,1204449.99,VENEZUELA MERCHANT,01020684710000014766,110108,0006,CD-0017403,VES
P-9 2026 03 al 03 18,2026-04-30,UNRECONCILED,BD4010002,2026-04-03,LIQUIDACION TDD BIOPAGOBDV-LIQUIDACION TDD BIOPAGOBDV,CREDIT,3248283.84,VENEZUELA MERCHANT,01020684710000014766,110108,0006,CD-0017403,VES
P-9 2026 03 al 03 18,2026-04-30,UNRECONCILED,BD4840002,2026-04-03,LIQUIDACION TDD BIOPAGOBDV-LIQUIDACION TDD BIOPAGOBDV,CREDIT,4280671.18,VENEZUELA MERCHANT,01020684710000014766,110108,0006,CD-0017403,VES
P-9 2026 03 al 03 18,2026-04-30,UNRECONCILED,BD6060002,2026-04-03,LIQUIDACION TDD BIOPAGOBDV-LIQUIDACION TDD BIOPAGOBDV,CREDIT,1021587.65,VENEZUELA MERCHANT,01020684710000014766,110108,0006,CD-0017403,VES
P-9 2026 03 al 03 18,2026-04-30,UNRECONCILED,BD1020002,2026-04-03,LIQUIDACION TDD BIOPAGOBDV-LIQUIDACION TDD BIOPAGOBDV,CREDIT,1430945.34,VENEZUELA MERCHANT,01020684710000014766,110108,0006,CD-0017403,VES
P-9 2026 03 al 03 18,2026-04-30,UNRECONCILED,BC1530002,2026-04-03,LIQUIDACION TDC BIOPAGOBDV-LIQUIDACION TDC BIOPAGOBDV,CREDIT,16566.14,VENEZUELA MERCHANT,01020684710000014766,110108,0006,CD-0017402,VES
P-9 2026 03 al 03 18,2026-04-30,UNRECONCILED,BD1820002,2026-04-03,LIQUIDACION TDD BIOPAGOBDV-LIQUIDACION TDD BIOPAGOBDV,CREDIT,1046637.07,VENEZUELA MERCHANT,01020684710000014766,110108,0006,CD-0017403,VES
P-9 2026 03 al 03 18,2026-04-30,UNRECONCILED,BC2720002,2026-04-03,LIQUIDACION TDC BIOPAGOBDV-LIQUIDACION TDC BIOPAGOBDV,CREDIT,13065.47,VENEZUELA MERCHANT,01020684710000014766,110108,0006,CD-0017402,VES
P-9 2026 03 al 03 18,2026-04-30,UNRECONCILED,BD2820002,2026-04-03,LIQUIDACION TDD BIOPAGOBDV-LIQUIDACION TDD BIOPAGOBDV,CREDIT,1441981.45,VENEZUELA MERCHANT,01020684710000014766,110108,0006,CD-0017403,VES
P-9 2026 03 al 03 18,2026-04-30,UNRECONCILED,BD3070002,2026-04-03,LIQUIDACION TDD BIOPAGOBDV-LIQUIDACION TDD BIOPAGOBDV,CREDIT,3852709.06,VENEZUELA MERCHANT,01020684710000014766,110108,0006,CD-0017403,VES
P-9 2026 03 al 03 18,2026-04-30,UNRECONCILED,BC3070002,2026-04-03,LIQUIDACION TDC BIOPAGOBDV-LIQUIDACION TDC BIOPAGOBDV,CREDIT,5886.54,VENEZUELA MERCHANT,01020684710000014766,110108,0006,CD-0017402,VES
P-9 2026 03 al 03 18,2026-04-30,UNRECONCILED,BC4180002,2026-04-03,LIQUIDACION TDC BIOPAGOBDV-LIQUIDACION TDC BIOPAGOBDV,CREDIT,16662.76,VENEZUELA MERCHANT,01020684710000014766,110108,0006,CD-0017402,VES
P-9 2026 03 al 03 18,2026-04-30,UNRECONCILED,BD4210002,2026-04-03,LIQUIDACION TDD BIOPAGOBDV-LIQUIDACION TDD BIOPAGOBDV,CREDIT,2080143.2,VENEZUELA MERCHANT,01020684710000014766,110108,0006,CD-0017403,VES
P-9 2026 03 al 03 18,2026-04-30,UNRECONCILED,BC5040002,2026-04-03,LIQUIDACION TDC BIOPAGOBDV-LIQUIDACION TDC BIOPAGOBDV,CREDIT,9405.97,VENEZUELA MERCHANT,01020684710000014766,110108,0006,CD-0017402,VES
P-9 2026 03 al 03 18,2026-04-30,UNRECONCILED,BC5050002,2026-04-03,LIQUIDACION TDC BIOPAGOBDV-LIQUIDACION TDC BIOPAGOBDV,CREDIT,11084.61,VENEZUELA MERCHANT,01020684710000014766,110108,0006,CD-0017402,VES
P-9 2026 03 al 03 18,2026-04-30,UNRECONCILED,BD6010002,2026-04-03,LIQUIDACION TDD BIOPAGOBDV-LIQUIDACION TDD BIOPAGOBDV,CREDIT,3001422.05,VENEZUELA MERCHANT,01020684710000014766,110108,0006,CD-0017403,VES
P-9 2026 03 al 03 18,2026-04-30,UNRECONCILED,BD6830002,2026-04-03,LIQUIDACION TDD BIOPAGOBDV-LIQUIDACION TDD BIOPAGOBDV,CREDIT,1635528.4,VENEZUELA MERCHANT,01020684710000014766,110108,0006,CD-0017403,VES
P-9 2026 03 al 03 18,2026-04-30,UNRECONCILED,BD7030002,2026-04-03,LIQUIDACION TDD BIOPAGOBDV-LIQUIDACION TDD BIOPAGOBDV,CREDIT,5625874.31,VENEZUELA MERCHANT,01020684710000014766,110108,0006,CD-0017403,VES
P-9 2026 03 al 03 18,2026-04-30,UNRECONCILED,BD1680002,2026-04-03,LIQUIDACION TDD BIOPAGOBDV-LIQUIDACION TDD BIOPAGOBDV,CREDIT,3047442.67,VENEZUELA MERCHANT,01020684710000014766,110108,0006,CD-0017403,VES
P-9 2026 03 al 03 18,2026-04-30,UNRECONCILED,BD1530002,2026-04-03,LIQUIDACION TDD BIOPAGOBDV-LIQUIDACION TDD BIOPAGOBDV,CREDIT,2532724.19,VENEZUELA MERCHANT,01020684710000014766,110108,0006,CD-0017403,VES
P-9 2026 03 al 03 18,2026-04-30,UNRECONCILED,BD1590002,2026-04-03,LIQUIDACION TDD BIOPAGOBDV-LIQUIDACION TDD BIOPAGOBDV,CREDIT,1826224.62,VENEZUELA MERCHANT,01020684710000014766,110108,0006,CD-0017403,VES
P-9 2026 03 al 03 18,2026-04-30,UNRECONCILED,BC1640002,2026-04-03,LIQUIDACION TDC BIOPAGOBDV-LIQUIDACION TDC BIOPAGOBDV,CREDIT,9440.27,VENEZUELA MERCHANT,01020684710000014766,110108,0006,CD-0017402,VES
P-9 2026 03 al 03 18,2026-04-30,UNRECONCILED,BC1700002,2026-04-03,LIQUIDACION TDC BIOPAGOBDV-LIQUIDACION TDC BIOPAGOBDV,CREDIT,7351.11,VENEZUELA MERCHANT,01020684710000014766,110108,0006,CD-0017402,VES
P-9 2026 03 al 03 18,2026-04-30,UNRECONCILED,BD1880002,2026-04-03,LIQUIDACION TDD BIOPAGOBDV-LIQUIDACION TDD BIOPAGOBDV,CREDIT,2568912.65,VENEZUELA MERCHANT,01020684710000014766,110108,0006,CD-0017403,VES
P-9 2026 03 al 03 18,2026-04-30,UNRECONCILED,BC1880002,2026-04-03,LIQUIDACION TDC BIOPAGOBDV-LIQUIDACION TDC BIOPAGOBDV,CREDIT,2198.46,VENEZUELA MERCHANT,01020684710000014766,110108,0006,CD-0017402,VES
P-9 2026 03 al 03 18,2026-04-30,UNRECONCILED,BC2100002,2026-04-03,LIQUIDACION TDC BIOPAGOBDV-LIQUIDACION TDC BIOPAGOBDV,CREDIT,8877.97,VENEZUELA MERCHANT,01020684710000014766,110108,0006,CD-0017402,VES
P-9 2026 03 al 03 18,2026-04-30,UNRECONCILED,BD2730002,2026-04-03,LIQUIDACION TDD BIOPAGOBDV-LIQUIDACION TDD BIOPAGOBDV,CREDIT,1436552.88,VENEZUELA MERCHANT,01020684710000014766,110108,0006,CD-0017403,VES
P-9 2026 03 al 03 18,2026-04-30,UNRECONCILED,BD2960002,2026-04-03,LIQUIDACION TDD BIOPAGOBDV-LIQUIDACION TDD BIOPAGOBDV,CREDIT,1914803.95,VENEZUELA MERCHANT,01020684710000014766,110108,0006,CD-0017403,VES
P-9 2026 03 al 03 18,2026-04-30,UNRECONCILED,BD2980002,2026-04-03,LIQUIDACION TDD BIOPAGOBDV-LIQUIDACION TDD BIOPAGOBDV,CREDIT,2170752.62,VENEZUELA MERCHANT,01020684710000014766,110108,0006,CD-0017403,VES
P-9 2026 03 al 03 18,2026-04-30,UNRECONCILED,BD3130002,2026-04-03,LIQUIDACION TDD BIOPAGOBDV-LIQUIDACION TDD BIOPAGOBDV,CREDIT,2264700.9,VENEZUELA MERCHANT,01020684710000014766,110108,0006,CD-0017403,VES
P-9 2026 03 al 03 18,2026-04-30,UNRECONCILED,BD4240002,2026-04-03,LIQUIDACION TDD BIOPAGOBDV-LIQUIDACION TDD BIOPAGOBDV,CREDIT,3941700.67,VENEZUELA MERCHANT,01020684710000014766,110108,0006,CD-0017403,VES
P-9 2026 03 al 03 18,2026-04-30,UNRECONCILED,BC5070002,2026-04-03,LIQUIDACION TDC BIOPAGOBDV-LIQUIDACION TDC BIOPAGOBDV,CREDIT,6179.13,VENEZUELA MERCHANT,01020684710000014766,110108,0006,CD-0017402,VES
P-9 2026 03 al 03 18,2026-04-30,UNRECONCILED,BD6040002,2026-04-03,LIQUIDACION TDD BIOPAGOBDV-LIQUIDACION TDD BIOPAGOBDV,CREDIT,1702162.85,VENEZUELA MERCHANT,01020684710000014766,110108,0006,CD-0017403,VES
P-9 2026 03 al 03 18,2026-04-30,UNRECONCILED,BD6700002,2026-04-03,LIQUIDACION TDD BIOPAGOBDV-LIQUIDACION TDD BIOPAGOBDV,CREDIT,2798080.9,VENEZUELA MERCHANT,01020684710000014766,110108,0006,CD-0017403,VES
P-9 2026 03 al 03 18,2026-04-30,UNRECONCILED,BC6700002,2026-04-03,LIQUIDACION TDC BIOPAGOBDV-LIQUIDACION TDC BIOPAGOBDV,CREDIT,5480.6,VENEZUELA MERCHANT,01020684710000014766,110108,0006,CD-0017402,VES
P-9 2026 03 al 03 18,2026-04-30,UNRECONCILED,BD6890002,2026-04-03,LIQUIDACION TDD BIOPAGOBDV-LIQUIDACION TDD BIOPAGOBDV,CREDIT,3003183.18,VENEZUELA MERCHANT,01020684710000014766,110108,0006,CD-0017403,VES
P-9 2026 03 al 03 18,2026-04-30,UNRECONCILED,BD6990002,2026-04-03,LIQUIDACION TDD BIOPAGOBDV-LIQUIDACION TDD BIOPAGOBDV,CREDIT,2153585.19,VENEZUELA MERCHANT,01020684710000014766,110108,0006,CD-0017403,VES
P-9 2026 03 al 03 18,2026-04-30,UNRECONCILED,BC8010002,2026-04-03,LIQUIDACION TDC BIOPAGOBDV-LIQUIDACION TDC BIOPAGOBDV,CREDIT,941.18,VENEZUELA MERCHANT,01020684710000014766,110108,0006,CD-0017402,VES
P-9 2026 03 al 03 18,2026-04-30,UNRECONCILED,BD1710002,2026-04-03,LIQUIDACION TDD BIOPAGOBDV-LIQUIDACION TDD BIOPAGOBDV,CREDIT,2382973.25,VENEZUELA MERCHANT,01020684710000014766,110108,0006,CD-0017403,VES
P-9 2026 03 al 03 18,2026-04-30,UNRECONCILED,BD4250002,2026-04-03,LIQUIDACION TDD BIOPAGOBDV-LIQUIDACION TDD BIOPAGOBDV,CREDIT,6163448.61,VENEZUELA MERCHANT,01020684710000014766,110108,0006,CD-0017403,VES
P-9 2026 03 al 03 18,2026-04-30,UNRECONCILED,BD6620002,2026-04-03,LIQUIDACION TDD BIOPAGOBDV-LIQUIDACION TDD BIOPAGOBDV,CREDIT,787504.73,VENEZUELA MERCHANT,01020684710000014766,110108,0006,CD-0017403,VES
P-9 2026 03 al 03 18,2026-04-30,UNRECONCILED,BD1050002,2026-04-03,LIQUIDACION TDD BIOPAGOBDV-LIQUIDACION TDD BIOPAGOBDV,CREDIT,2532313.83,VENEZUELA MERCHANT,01020684710000014766,110108,0006,CD-0017403,VES
P-9 2026 03 al 03 18,2026-04-30,UNRECONCILED,BD2720002,2026-04-03,LIQUIDACION TDD BIOPAGOBDV-LIQUIDACION TDD BIOPAGOBDV,CREDIT,3188307.22,VENEZUELA MERCHANT,01020684710000014766,110108,0006,CD-0017403,VES
P-9 2026 03 al 03 18,2026-04-30,UNRECONCILED,BD2810002,2026-04-03,LIQUIDACION TDD BIOPAGOBDV-LIQUIDACION TDD BIOPAGOBDV,CREDIT,922443.62,VENEZUELA MERCHANT,01020684710000014766,110108,0006,CD-0017403,VES
P-9 2026 03 al 03 18,2026-04-30,UNRECONCILED,BC4010002,2026-04-03,LIQUIDACION TDC BIOPAGOBDV-LIQUIDACION TDC BIOPAGOBDV,CREDIT,12159.06,VENEZUELA MERCHANT,01020684710000014766,110108,0006,CD-0017402,VES
P-9 2026 03 al 03 18,2026-04-30,UNRECONCILED,BC4400002,2026-04-03,LIQUIDACION TDC BIOPAGOBDV-LIQUIDACION TDC BIOPAGOBDV,CREDIT,21478.02,VENEZUELA MERCHANT,01020684710000014766,110108,0006,CD-0017402,VES
P-9 2026 03 al 03 18,2026-04-30,UNRECONCILED,BC5910002,2026-04-03,LIQUIDACION TDC BIOPAGOBDV-LIQUIDACION TDC BIOPAGOBDV,CREDIT,16268.27,VENEZUELA MERCHANT,01020684710000014766,110108,0006,CD-0017402,VES
P-9 2026 03 al 03 18,2026-04-30,UNRECONCILED,BD6050002,2026-04-03,LIQUIDACION TDD BIOPAGOBDV-LIQUIDACION TDD BIOPAGOBDV,CREDIT,2380744.95,VENEZUELA MERCHANT,01020684710000014766,110108,0006,CD-0017403,VES
P-9 2026 03 al 03 18,2026-04-30,UNRECONCILED,BC6050002,2026-04-03,LIQUIDACION TDC BIOPAGOBDV-LIQUIDACION TDC BIOPAGOBDV,CREDIT,2463.14,VENEZUELA MERCHANT,01020684710000014766,110108,0006,CD-0017402,VES
P-9 2026 03 al 03 18,2026-04-30,UNRECONCILED,BC6080002,2026-04-03,LIQUIDACION TDC BIOPAGOBDV-LIQUIDACION TDC BIOPAGOBDV,CREDIT,10868.52,VENEZUELA MERCHANT,01020684710000014766,110108,0006,CD-0017402,VES
P-9 2026 03 al 03 18,2026-04-30,UNRECONCILED,BC6890002,2026-04-03,LIQUIDACION TDC BIOPAGOBDV-LIQUIDACION TDC BIOPAGOBDV,CREDIT,41191.18,VENEZUELA MERCHANT,01020684710000014766,110108,0006,CD-0017402,VES
P-9 2026 03 al 03 18,2026-04-30,UNRECONCILED,BC6990002,2026-04-03,LIQUIDACION TDC BIOPAGOBDV-LIQUIDACION TDC BIOPAGOBDV,CREDIT,15195.0,VENEZUELA MERCHANT,01020684710000014766,110108,0006,CD-0017402,VES
